mean_fit_time,std_fit_time,mean_score_time,std_score_time,param_sampler_nearmiss__version,param_sampler_nearmiss__sampling_strategy,param_sampler_nearmiss__n_neighbors,param_sampler_adasyn__sampling_strategy,param_sampler_adasyn__n_neighbors,param_rf__n_estimators,param_rf__min_samples_split,param_rf__min_samples_leaf,param_rf__max_features,param_rf__max_depth,param_rf__class_weight,param_rf__bootstrap,params,split0_test_f1,split1_test_f1,split2_test_f1,split3_test_f1,split4_test_f1,split5_test_f1,split6_test_f1,split7_test_f1,split8_test_f1,split9_test_f1,split10_test_f1,split11_test_f1,split12_test_f1,split13_test_f1,split14_test_f1,split15_test_f1,split16_test_f1,split17_test_f1,split18_test_f1,split19_test_f1,split20_test_f1,split21_test_f1,split22_test_f1,split23_test_f1,split24_test_f1,mean_test_f1,std_test_f1,rank_test_f1,split0_test_pr_auc,split1_test_pr_auc,split2_test_pr_auc,split3_test_pr_auc,split4_test_pr_auc,split5_test_pr_auc,split6_test_pr_auc,split7_test_pr_auc,split8_test_pr_auc,split9_test_pr_auc,split10_test_pr_auc,split11_test_pr_auc,split12_test_pr_auc,split13_test_pr_auc,split14_test_pr_auc,split15_test_pr_auc,split16_test_pr_auc,split17_test_pr_auc,split18_test_pr_auc,split19_test_pr_auc,split20_test_pr_auc,split21_test_pr_auc,split22_test_pr_auc,split23_test_pr_auc,split24_test_pr_auc,mean_test_pr_auc,std_test_pr_auc,rank_test_pr_auc,split0_test_roc_auc,split1_test_roc_auc,split2_test_roc_auc,split3_test_roc_auc,split4_test_roc_auc,split5_test_roc_auc,split6_test_roc_auc,split7_test_roc_auc,split8_test_roc_auc,split9_test_roc_auc,split10_test_roc_auc,split11_test_roc_auc,split12_test_roc_auc,split13_test_roc_auc,split14_test_roc_auc,split15_test_roc_auc,split16_test_roc_auc,split17_test_roc_auc,split18_test_roc_auc,split19_test_roc_auc,split20_test_roc_auc,split21_test_roc_auc,split22_test_roc_auc,split23_test_roc_auc,split24_test_roc_auc,mean_test_roc_auc,std_test_roc_auc,rank_test_roc_auc
0.7401994800567627,0.20323370952746475,0.286577615737915,0.1324735129517557,1,0.4,3,0.3,2,400,15,8,0.3,5,balanced,True,"{'sampler_nearmiss__version': 1, 'sampler_nearmiss__sampling_strategy': 0.4, 'sampler_nearmiss__n_neighbors': 3, 'sampler_adasyn__sampling_strategy': 0.3, 'sampler_adasyn__n_neighbors': 2, 'rf__n_estimators': 400, 'rf__min_samples_split': 15, 'rf__min_samples_leaf': 8, 'rf__max_features': 0.3, 'rf__max_depth': 5, 'rf__class_weight': 'balanced', 'rf__bootstrap': True}",0.3,0.16666666666666669,0.3,0.380952380952381,0.5,0.39999999999999997,0.28571428571428575,0.380952380952381,0.4166666666666667,0.2105263157894737,0.10526315789473685,0.10526315789473685,0.25,0.5263157894736842,0.2727272727272727,0.18181818181818185,0.32,0.43478260869565216,0.28571428571428575,0.4166666666666667,0.3703703703703704,0.1904761904761905,0.4166666666666667,0.18181818181818185,0.2857142857142857,0.30740302050691065,0.11361699831813853,15,0.37066821506517295,0.14474673637748137,0.38868449194536153,0.2934335816688758,0.28401851125065414,0.37001350551890877,0.3059940322235404,0.3457798103996934,0.3464026714026714,0.1986543549043549,0.339687280690003,0.19795497002401366,0.233531602747289,0.4154588515138705,0.21797758752710572,0.16109604820131135,0.26683331164715385,0.3667962695740473,0.21048967735242247,0.2954017217803983,0.3873259784607302,0.22011601749504978,0.47615766080804395,0.20790555424701768,0.20879655615963932,0.2901569999593925,0.08613686609066021,23,0.7727272727272727,0.537037037037037,0.7979797979797979,0.7946127946127947,0.8097014925373134,0.8063973063973064,0.7104377104377104,0.8181818181818181,0.7760942760942761,0.7145522388059702,0.7895622895622895,0.6986531986531985,0.7289562289562289,0.6818181818181818,0.753731343283582,0.6077441077441077,0.7154882154882154,0.8282828282828283,0.6548821548821548,0.8432835820895523,0.8047138047138047,0.7087542087542087,0.8451178451178452,0.6632996632996633,0.7126865671641791,0.7429878385848535,0.07512471149342292,10
0.7091150856018067,0.18531069243936243,0.30022993087768557,0.15763256136319673,1,0.4,3,0.3,2,300,5,8,0.5,12,balanced,True,"{'sampler_nearmiss__version': 1, 'sampler_nearmiss__sampling_strategy': 0.4, 'sampler_nearmiss__n_neighbors': 3, 'sampler_adasyn__sampling_strategy': 0.3, 'sampler_adasyn__n_neighbors': 2, 'rf__n_estimators': 300, 'rf__min_samples_split': 5, 'rf__min_samples_leaf': 8, 'rf__max_features': 0.5, 'rf__max_depth': 12, 'rf__class_weight': 'balanced', 'rf__bootstrap': True}",0.3333333333333333,0.18181818181818185,0.28571428571428575,0.34782608695652173,0.46153846153846156,0.43478260869565216,0.33333333333333337,0.34782608695652173,0.33333333333333337,0.22222222222222224,0.10526315789473685,0.09090909090909093,0.24000000000000005,0.47058823529411764,0.36363636363636365,0.1904761904761905,0.32,0.34782608695652173,0.18181818181818185,0.4,0.33333333333333337,0.10526315789473685,0.43478260869565216,0.18181818181818185,0.2857142857142857,0.2933262723337296,0.10948753603209563,22,0.3347096100029199,0.14376988897875514,0.35099197615703936,0.2725997304884177,0.30988386613386615,0.3716734211415063,0.3579594966375485,0.3605345683123461,0.2987715828233069,0.19265208042464635,0.3246594655325785,0.200917770724534,0.22878024904168695,0.4069192313454608,0.2011336338781991,0.15485958926996662,0.25548527136762433,0.3906470830447438,0.17800398826542618,0.27274991765480894,0.38264506768891127,0.21390463242521082,0.49543430898929625,0.18211543399864938,0.2168589959568733,0.28394643441137296,0.09014306700496033,25,0.7457912457912458,0.5404040404040404,0.7828282828282828,0.7878787878787878,0.8227611940298507,0.8181818181818182,0.7121212121212122,0.8148148148148148,0.7575757575757576,0.6996268656716418,0.771043771043771,0.696969696969697,0.7188552188552187,0.6767676767676768,0.7257462686567164,0.5942760942760943,0.7070707070707071,0.808080808080808,0.6228956228956228,0.8264925373134329,0.8047138047138047,0.7154882154882154,0.8367003367003366,0.6296296296296297,0.7145522388059702,0.7332506658626062,0.07660732406828898,23
0.6692037677764893,0.138247965458269,0.2363315486907959,0.11485164759155855,1,0.4,3,0.3,1,300,10,3,0.3,12,balanced,True,"{'sampler_nearmiss__version': 1, 'sampler_nearmiss__sampling_strategy': 0.4, 'sampler_nearmiss__n_neighbors': 3, 'sampler_adasyn__sampling_strategy': 0.3, 'sampler_adasyn__n_neighbors': 1, 'rf__n_estimators': 300, 'rf__min_samples_split': 10, 'rf__min_samples_leaf': 3, 'rf__max_features': 0.3, 'rf__max_depth': 12, 'rf__class_weight': 'balanced', 'rf__bootstrap': True}",0.13333333333333333,0.0,0.0,0.3333333333333333,0.4444444444444445,0.5,0.4444444444444444,0.30769230769230765,0.34782608695652173,0.13333333333333333,0.125,0.11764705882352941,0.125,0.5333333333333333,0.26086956521739135,0.0,0.2222222222222222,0.5,0.1111111111111111,0.380952380952381,0.39999999999999997,0.11764705882352941,0.4210526315789474,0.19999999999999998,0.13333333333333333,0.2517030391573399,0.16575532369964568,25,0.33594168177501516,0.1573757492055307,0.24668053737821177,0.38337868480725623,0.3216269841269841,0.3385177595570599,0.38231870115928085,0.37264095381742435,0.3069740461381328,0.1897029803074885,0.2787417882707738,0.23349898492717577,0.25932320678080534,0.40447859244670514,0.21155174190888476,0.16527691988476303,0.23788837624363943,0.4849126751594635,0.1729482827642682,0.42259701083230494,0.45776305806731776,0.20326917091622973,0.4383100914679862,0.16773098531886377,0.21390550239234452,0.2954941786261564,0.09961189646055849,22,0.7592592592592593,0.5841750841750842,0.7760942760942761,0.7912457912457912,0.8041044776119403,0.7525252525252525,0.7474747474747474,0.8181818181818181,0.7811447811447811,0.6660447761194029,0.7676767676767677,0.7306397306397306,0.7306397306397306,0.7171717171717171,0.7238805970149254,0.6077441077441077,0.707070707070707,0.8636363636363636,0.5976430976430975,0.8526119402985075,0.8299663299663299,0.6599326599326598,0.813131313131313,0.6077441077441077,0.7220149253731343,0.7364701743806221,0.0779911788946942,18
0.7864044189453125,0.16405711336954376,0.21487786293029784,0.07364141712894769,1,0.4,5,0.2,1,400,5,3,0.3,5,balanced,True,"{'sampler_nearmiss__version': 1, 'sampler_nearmiss__sampling_strategy': 0.4, 'sampler_nearmiss__n_neighbors': 5, 'sampler_adasyn__sampling_strategy': 0.2, 'sampler_adasyn__n_neighbors': 1, 'rf__n_estimators': 400, 'rf__min_samples_split': 5, 'rf__min_samples_leaf': 3, 'rf__max_features': 0.3, 'rf__max_depth': 5, 'rf__class_weight': 'balanced', 'rf__bootstrap': True}",0.125,0.0,0.2105263157894737,0.375,0.27586206896551724,0.5263157894736842,0.26666666666666666,0.30769230769230765,0.4761904761904762,0.33333333333333326,0.13333333333333333,0.1111111111111111,0.19999999999999998,0.5,0.3333333333333333,0.13333333333333333,0.19999999999999998,0.4761904761904762,0.11764705882352941,0.44444444444444436,0.4545454545454546,0.1111111111111111,0.5555555555555556,0.28571428571428575,0.2727272727272727,0.28902534913338795,0.15227551488683258,24,0.3402985331440616,0.15091588828329427,0.24821471798595982,0.34430678254207664,0.3230909002530351,0.3290771669291498,0.39401644739926817,0.35015262515262513,0.3137682091705081,0.24589048883403722,0.2696339752953474,0.20945616961352603,0.251162862705593,0.44604087668603803,0.3285079503829504,0.17402882664133618,0.22552413606676777,0.4332016983710873,0.1746289039477894,0.38066940579417896,0.40534160480968995,0.207322230574722,0.504720406681191,0.20180589042481628,0.24169331374413044,0.2997388004573272,0.09252272221936374,18,0.7727272727272727,0.5622895622895623,0.7777777777777778,0.8097643097643098,0.7555970149253731,0.771043771043771,0.7710437710437711,0.803030303030303,0.7861952861952861,0.7593283582089553,0.7609427609427609,0.7188552188552189,0.7356902356902357,0.7188552188552187,0.8097014925373134,0.6178451178451179,0.6750841750841751,0.8417508417508417,0.6077441077441077,0.8376865671641791,0.845117845117845,0.6717171717171716,0.8282828282828283,0.6767676767676768,0.7667910447761193,0.7472651892054877,0.0740899862801213,6
0.4897333526611328,0.1439643654462471,0.164913330078125,0.04953965051984393,1,0.4,5,0.2,2,200,15,3,0.3,16,balanced,True,"{'sampler_nearmiss__version': 1, 'sampler_nearmiss__sampling_strategy': 0.4, 'sampler_nearmiss__n_neighbors': 5, 'sampler_adasyn__sampling_strategy': 0.2, 'sampler_adasyn__n_neighbors': 2, 'rf__n_estimators': 200, 'rf__min_samples_split': 15, 'rf__min_samples_leaf': 3, 'rf__max_features': 0.3, 'rf__max_depth': 16, 'rf__class_weight': 'balanced', 'rf__bootstrap': True}",0.3157894736842105,0.0,0.28571428571428575,0.3333333333333333,0.43478260869565216,0.4545454545454546,0.2608695652173913,0.35294117647058826,0.43478260869565216,0.22222222222222218,0.19999999999999998,0.3,0.28571428571428575,0.5555555555555556,0.3333333333333333,0.2222222222222222,0.2105263157894737,0.4761904761904762,0.2105263157894737,0.411764705882353,0.3636363636363637,0.10526315789473685,0.4545454545454546,0.18181818181818185,0.11111111111111112,0.3006875283224725,0.1295953753803952,19,0.3876897923116411,0.14634982324052614,0.2663937913937914,0.2837485970819304,0.30572377501725323,0.38018697036996696,0.2965861086550742,0.37104593698521593,0.3482167614520556,0.19728026966195472,0.30388176638176634,0.26336058978194843,0.2228305852553253,0.47633476095752314,0.33767022352305603,0.19572279294083805,0.24876045896394736,0.3757665228253464,0.1868318101651435,0.3805270119743804,0.42295460175894956,0.20358643414198968,0.5752485063731531,0.1777618917153801,0.241960150595019,0.303856797340927,0.10070959591377054,15,0.8047138047138047,0.5572390572390572,0.7861952861952861,0.7828282828282829,0.7742537313432836,0.7491582491582491,0.7474747474747474,0.8148148148148149,0.8063973063973064,0.7164179104477613,0.7744107744107744,0.7373737373737373,0.6919191919191918,0.7154882154882155,0.792910447761194,0.6481481481481481,0.696969696969697,0.8417508417508417,0.6346801346801347,0.8395522388059702,0.8013468013468014,0.67003367003367,0.8383838383838383,0.6447811447811448,0.7350746268656716,0.7440926679732649,0.07183052616852312,9
0.8111555194854736,0.17318809546435276,0.2264390182495117,0.05359232233203866,1,0.4,3,0.3,1,400,15,8,0.3,12,balanced,True,"{'sampler_nearmiss__version': 1, 'sampler_nearmiss__sampling_strategy': 0.4, 'sampler_nearmiss__n_neighbors': 3, 'sampler_adasyn__sampling_strategy': 0.3, 'sampler_adasyn__n_neighbors': 1, 'rf__n_estimators': 400, 'rf__min_samples_split': 15, 'rf__min_samples_leaf': 8, 'rf__max_features': 0.3, 'rf__max_depth': 12, 'rf__class_weight': 'balanced', 'rf__bootstrap': True}",0.3157894736842105,0.18181818181818185,0.28571428571428575,0.39999999999999997,0.48,0.4166666666666667,0.33333333333333337,0.3,0.3846153846153846,0.3,0.32,0.1111111111111111,0.09999999999999999,0.5263157894736842,0.3333333333333333,0.1904761904761905,0.32,0.46153846153846156,0.19999999999999998,0.4166666666666667,0.5384615384615384,0.10526315789473685,0.4545454545454546,0.25,0.2105263157894737,0.3174470138049086,0.12502459770077434,12,0.35061358930924147,0.14596222353645513,0.3973887332710862,0.37615406036458665,0.28938452947761456,0.27646051984136766,0.37744125541239293,0.3675657990870973,0.2824450692109268,0.1863219634771359,0.34322409967571255,0.20853658024868932,0.2498830668488362,0.4049011106982121,0.2275255045728444,0.15097254262998738,0.24443858297813673,0.4837627663651055,0.2006877372592656,0.3947741147741147,0.457339737241698,0.18811326004770548,0.47043592608108736,0.20403852769177844,0.20823350311523284,0.29946419212865244,0.10136885851751232,19,0.7710437710437711,0.5404040404040403,0.8097643097643097,0.7828282828282829,0.8134328358208955,0.7474747474747474,0.7373737373737373,0.8232323232323232,0.755892255892256,0.6735074626865671,0.7828282828282829,0.6885521885521886,0.7441077441077442,0.696969696969697,0.7574626865671642,0.5841750841750841,0.7053872053872053,0.8535353535353535,0.638047138047138,0.8283582089552239,0.8383838383838383,0.6262626262626263,0.8367003367003367,0.6717171717171717,0.707089552238806,0.7365812352379515,0.08129108044282662,17
0.4365919780731201,0.09412797721850939,0.14836570739746094,0.07075913373002704,1,0.5,5,0.2,1,200,5,5,0.3,12,balanced,True,"{'sampler_nearmiss__version': 1, 'sampler_nearmiss__sampling_strategy': 0.5, 'sampler_nearmiss__n_neighbors': 5, 'sampler_adasyn__sampling_strategy': 0.2, 'sampler_adasyn__n_neighbors': 1, 'rf__n_estimators': 200, 'rf__min_samples_split': 5, 'rf__min_samples_leaf': 5, 'rf__max_features': 0.3, 'rf__max_depth': 12, 'rf__class_weight': 'balanced', 'rf__bootstrap': True}",0.28571428571428575,0.0,0.28571428571428575,0.5,0.2777777777777778,0.4166666666666667,0.380952380952381,0.39999999999999997,0.46153846153846156,0.2857142857142857,0.30769230769230765,0.2608695652173913,0.27272727272727276,0.4210526315789474,0.375,0.09999999999999999,0.23076923076923078,0.5,0.2608695652173913,0.36363636363636365,0.46153846153846156,0.09999999999999999,0.380952380952381,0.25,0.35714285714285715,0.31745315122202994,0.12184411074468746,11,0.32073982709197013,0.13772638366532908,0.4092923380966859,0.37942448163658316,0.3309331283970418,0.3309264809264809,0.4097460586519725,0.33805361305361303,0.3244304245067022,0.21892346564725595,0.2861512730793776,0.23875696721225173,0.2772445820433436,0.40794125627458966,0.3225302840434419,0.1567784914117725,0.23370994995096428,0.439083820662768,0.17330400392707473,0.3784992419860841,0.49095917237472103,0.19038690401593628,0.5138692626577941,0.19072931184042294,0.21825396825396826,0.3087357876563258,0.10229588982733773,13,0.7323232323232324,0.5370370370370371,0.8148148148148148,0.7693602693602694,0.7555970149253731,0.771043771043771,0.7070707070707071,0.8080808080808081,0.7744107744107744,0.7332089552238805,0.7727272727272727,0.7070707070707071,0.7626262626262625,0.6952861952861953,0.8078358208955223,0.5909090909090908,0.6885521885521886,0.8047138047138047,0.5925925925925926,0.8339552238805971,0.8518518518518519,0.6447811447811448,0.7895622895622896,0.6447811447811448,0.7537313432835822,0.7337569727121966,0.07926440902600869,22
0.5495702075958252,0.062220205998572836,0.12598716735839843,0.026186240363086973,1,0.5,5,0.3,1,400,5,8,sqrt,12,balanced,True,"{'sampler_nearmiss__version': 1, 'sampler_nearmiss__sampling_strategy': 0.5, 'sampler_nearmiss__n_neighbors': 5, 'sampler_adasyn__sampling_strategy': 0.3, 'sampler_adasyn__n_neighbors': 1, 'rf__n_estimators': 400, 'rf__min_samples_split': 5, 'rf__min_samples_leaf': 8, 'rf__max_features': 'sqrt', 'rf__max_depth': 12, 'rf__class_weight': 'balanced', 'rf__bootstrap': True}",0.43478260869565216,0.08695652173913043,0.46153846153846156,0.4,0.36363636363636365,0.3703703703703704,0.30769230769230765,0.5454545454545455,0.3703703703703704,0.18181818181818182,0.2857142857142857,0.15384615384615383,0.28571428571428575,0.4166666666666667,0.37037037037037035,0.13793103448275865,0.41379310344827586,0.4,0.16666666666666669,0.2962962962962963,0.4,0.08695652173913043,0.43478260869565216,0.4166666666666667,0.2727272727272727,0.32243006657399464,0.12174500867186325,7,0.3818340265399089,0.13437112473522272,0.5297514830848165,0.36652459672509796,0.24113729837414047,0.26921750400452227,0.28486219853036443,0.4586124401913876,0.28377521236073866,0.1934305576258993,0.4589824762506321,0.23046165892905382,0.28814231314231314,0.381292771047371,0.280925844988345,0.13042319655713333,0.3240519218967495,0.38691445582698536,0.2750354421407053,0.46031542382348833,0.39747008217970103,0.19952738420995753,0.4940798002702764,0.2665887500295706,0.21703089754728605,0.3173903544404667,0.10787021045312419,8,0.8198653198653199,0.5303030303030303,0.8670033670033669,0.7592592592592593,0.7555970149253731,0.7643097643097643,0.7037037037037037,0.8602693602693603,0.7373737373737373,0.7182835820895522,0.8164983164983165,0.6952861952861953,0.7794612794612794,0.7053872053872055,0.7947761194029851,0.5269360269360269,0.7811447811447811,0.8198653198653199,0.6851851851851851,0.832089552238806,0.8148148148148148,0.6666666666666666,0.8063973063973064,0.6851851851851852,0.7220149253731343,0.745907080757827,0.08493435216244448,8
0.5351741695404053,0.07104160315919474,0.13238094329833985,0.030624921575916196,1,0.4,5,0.2,1,400,15,3,sqrt,5,balanced,True,"{'sampler_nearmiss__version': 1, 'sampler_nearmiss__sampling_strategy': 0.4, 'sampler_nearmiss__n_neighbors': 5, 'sampler_adasyn__sampling_strategy': 0.2, 'sampler_adasyn__n_neighbors': 1, 'rf__n_estimators': 400, 'rf__min_samples_split': 15, 'rf__min_samples_leaf': 3, 'rf__max_features': 'sqrt', 'rf__max_depth': 5, 'rf__class_weight': 'balanced', 'rf__bootstrap': True}",0.26666666666666666,0.1111111111111111,0.25,0.4444444444444444,0.358974358974359,0.3157894736842105,0.3157894736842105,0.4,0.28571428571428575,0.2962962962962963,0.4210526315789474,0.1111111111111111,0.27272727272727276,0.5882352941176471,0.3529411764705882,0.2222222222222222,0.23529411764705882,0.4166666666666667,0.25,0.48275862068965514,0.4800000000000001,0.10526315789473685,0.3333333333333333,0.1904761904761905,0.20689655172413796,0.3085505782894061,0.12022065230791189,14,0.36812576848808726,0.16759129397315609,0.4578064613529757,0.4316075148007922,0.2805249953579447,0.30327362339557457,0.2829326378176953,0.4376178312959922,0.33270228809846303,0.21283424908424908,0.4836683616716987,0.22239155167706381,0.26935012652403956,0.4118590337216207,0.2912961541933736,0.1710325033837939,0.36668803418803414,0.450552104899931,0.1966755123101872,0.49775636264606854,0.44625220458553794,0.19120601551300398,0.4517825168753961,0.24310084075892036,0.2072969311502425,0.3270369967105537,0.10757660663628257,3,0.835016835016835,0.6026936026936027,0.8148148148148148,0.8097643097643097,0.7798507462686568,0.7558922558922558,0.7575757575757576,0.8619528619528619,0.7710437710437711,0.7388059701492538,0.7946127946127945,0.7138047138047138,0.7643097643097643,0.734006734006734,0.794776119402985,0.5774410774410774,0.7744107744107744,0.867003367003367,0.606060606060606,0.8973880597014926,0.8383838383838385,0.6515151515151515,0.8080808080808081,0.6835016835016836,0.7220149253731343,0.7581888537112418,0.08184559690036507,1
0.2968922519683838,0.05074576493465041,0.10841402053833007,0.027199080714879056,1,0.5,3,0.3,1,200,15,8,sqrt,8,balanced,True,"{'sampler_nearmiss__version': 1, 'sampler_nearmiss__sampling_strategy': 0.5, 'sampler_nearmiss__n_neighbors': 3, 'sampler_adasyn__sampling_strategy': 0.3, 'sampler_adasyn__n_neighbors': 1, 'rf__n_estimators': 200, 'rf__min_samples_split': 15, 'rf__min_samples_leaf': 8, 'rf__max_features': 'sqrt', 'rf__max_depth': 8, 'rf__class_weight': 'balanced', 'rf__bootstrap': True}",0.5217391304347826,0.08333333333333334,0.5,0.4,0.3333333333333333,0.24000000000000005,0.30769230769230765,0.46153846153846156,0.3846153846153846,0.1904761904761905,0.30769230769230765,0.21428571428571427,0.380952380952381,0.380952380952381,0.4166666666666667,0.16666666666666669,0.46153846153846156,0.42857142857142855,0.17391304347826086,0.37037037037037035,0.35714285714285715,0.14814814814814814,0.4166666666666667,0.33333333333333326,0.36363636363636365,0.33373059726103205,0.11457083638381128,4,0.38670608144292357,0.14360696750219723,0.5931461934751409,0.3190381419781765,0.2534408939014202,0.26188712522045854,0.3098101961157348,0.5059591642924977,0.31964403650424594,0.19387334157070998,0.45260526510526505,0.2204235255918973,0.2969898928232262,0.3533380715470268,0.2662337662337662,0.14189885398642724,0.39124524108184233,0.40247987747898784,0.25951591103192934,0.42107672021465126,0.4577134557526714,0.20576611462765018,0.47908496732026146,0.19923752668441758,0.23358934971838197,0.3227324272480763,0.116149044290634,4,0.8400673400673401,0.5471380471380471,0.8855218855218856,0.7138047138047139,0.7686567164179103,0.7424242424242424,0.7474747474747474,0.8569023569023568,0.7542087542087541,0.7257462686567164,0.8097643097643098,0.664983164983165,0.7811447811447811,0.6818181818181818,0.7555970149253731,0.5437710437710438,0.7912457912457912,0.8063973063973064,0.7003367003367003,0.8488805970149254,0.8181818181818181,0.6599326599326598,0.8181818181818182,0.6717171717171717,0.7425373134328359,0.747057389818584,0.08505766168567822,7
0.34148822784423827,0.06549329476353813,0.1668837261199951,0.09952388055834749,1,0.5,3,0.2,1,200,10,8,0.3,5,balanced,True,"{'sampler_nearmiss__version': 1, 'sampler_nearmiss__sampling_strategy': 0.5, 'sampler_nearmiss__n_neighbors': 3, 'sampler_adasyn__sampling_strategy': 0.2, 'sampler_adasyn__n_neighbors': 1, 'rf__n_estimators': 200, 'rf__min_samples_split': 10, 'rf__min_samples_leaf': 8, 'rf__max_features': 0.3, 'rf__max_depth': 5, 'rf__class_weight': 'balanced', 'rf__bootstrap': True}",0.27272727272727276,0.17391304347826086,0.3636363636363637,0.39999999999999997,0.3225806451612903,0.35714285714285715,0.34782608695652173,0.39999999999999997,0.42857142857142855,0.3478260869565218,0.3846153846153846,0.17391304347826086,0.35714285714285715,0.39999999999999997,0.3870967741935483,0.08695652173913043,0.3225806451612903,0.48275862068965514,0.28571428571428575,0.3333333333333333,0.5185185185185185,0.09090909090909093,0.4800000000000001,0.25,0.31999999999999995,0.3315105144050349,0.10808153844847643,5,0.3668355547103229,0.13981815825746577,0.4024749325778247,0.40596707818930045,0.3703025793650794,0.3321728321728322,0.36938760454568415,0.34271240885017973,0.36315043536432845,0.2386033506723162,0.3658093259836603,0.21103745622922554,0.2518504484021725,0.42210934014171353,0.34521138583638583,0.17624390448098654,0.2705408615883217,0.4173220298220298,0.1998212543104184,0.34869690664727426,0.43002000110983235,0.17824546406692882,0.5366236894692179,0.18895121388214742,0.2048433557820291,0.3151500628983071,0.09989423130635099,9,0.7710437710437712,0.5336700336700337,0.8148148148148149,0.7760942760942762,0.8003731343283582,0.7777777777777778,0.6885521885521886,0.8316498316498316,0.7811447811447811,0.753731343283582,0.7996632996632996,0.6952861952861953,0.7592592592592593,0.6919191919191918,0.8507462686567165,0.5993265993265993,0.7239057239057238,0.8383838383838383,0.6228956228956228,0.7910447761194029,0.8417508417508417,0.6043771043771045,0.8367003367003367,0.6363636363636364,0.7220149253731343,0.7416995828936127,0.08580869017821437,12
0.8907369232177734,0.17575969336773037,0.29852082252502443,0.076729358824957,1,0.5,5,0.3,1,400,10,5,0.5,8,balanced,True,"{'sampler_nearmiss__version': 1, 'sampler_nearmiss__sampling_strategy': 0.5, 'sampler_nearmiss__n_neighbors': 5, 'sampler_adasyn__sampling_strategy': 0.3, 'sampler_adasyn__n_neighbors': 1, 'rf__n_estimators': 400, 'rf__min_samples_split': 10, 'rf__min_samples_leaf': 5, 'rf__max_features': 0.5, 'rf__max_depth': 8, 'rf__class_weight': 'balanced', 'rf__bootstrap': True}",0.3,0.09999999999999999,0.28571428571428575,0.4166666666666667,0.43478260869565216,0.4166666666666667,0.380952380952381,0.3157894736842105,0.4800000000000001,0.3157894736842105,0.33333333333333337,0.17391304347826086,0.10526315789473685,0.5,0.36363636363636365,0.1111111111111111,0.14814814814814814,0.4800000000000001,0.1904761904761905,0.3846153846153846,0.4444444444444444,0.09999999999999999,0.39999999999999997,0.27272727272727276,0.11111111111111112,0.3026056446816172,0.13288131801197672,18,0.33378958597506236,0.13435797942857516,0.34252918375120434,0.3617418846585513,0.30943595514491035,0.3274453910832769,0.3880864197530864,0.33171650390343677,0.3821336428488144,0.19571316262354,0.27643130015332074,0.21121649470956086,0.20466155643875591,0.4315491935222202,0.22326809585991894,0.17265748648055668,0.2155917993637292,0.44825042718339575,0.1897893175296727,0.3501587185962186,0.38487185097460785,0.19845629402560946,0.6082492642130722,0.1936843838804623,0.22679564795872126,0.29770326160241123,0.10792453534585866,20,0.7222222222222222,0.5218855218855218,0.808080808080808,0.7609427609427609,0.7854477611940299,0.7592592592592593,0.7373737373737375,0.8097643097643097,0.7895622895622896,0.6884328358208955,0.7676767676767676,0.6952861952861953,0.6902356902356902,0.7087542087542087,0.7257462686567164,0.5925925925925926,0.6801346801346801,0.8265993265993267,0.5572390572390572,0.8115671641791046,0.8316498316498316,0.6144781144781145,0.8417508417508417,0.6481481481481481,0.7444029850746269,0.7247693351424693,0.08492631503995648,25
0.8965850734710693,0.16047591543918807,0.27728835105895994,0.10162054855191657,1,0.5,3,0.2,1,400,15,5,0.5,8,balanced,True,"{'sampler_nearmiss__version': 1, 'sampler_nearmiss__sampling_strategy': 0.5, 'sampler_nearmiss__n_neighbors': 3, 'sampler_adasyn__sampling_strategy': 0.2, 'sampler_adasyn__n_neighbors': 1, 'rf__n_estimators': 400, 'rf__min_samples_split': 15, 'rf__min_samples_leaf': 5, 'rf__max_features': 0.5, 'rf__max_depth': 8, 'rf__class_weight': 'balanced', 'rf__bootstrap': True}",0.25,0.18181818181818185,0.28571428571428575,0.34782608695652173,0.29411764705882354,0.42857142857142855,0.3636363636363637,0.33333333333333337,0.41379310344827586,0.28571428571428575,0.3846153846153846,0.08695652173913043,0.33333333333333337,0.5,0.36363636363636365,0.10526315789473685,0.24000000000000005,0.5185185185185185,0.19999999999999998,0.36363636363636365,0.4444444444444444,0.09523809523809525,0.46153846153846156,0.2608695652173913,0.3333333333333333,0.31503633037588225,0.11674654698319442,13,0.3252701672991528,0.1410527465048714,0.39571046524090897,0.34176454800921985,0.3444213915291373,0.3320707487196086,0.40134418171031444,0.3338980621488361,0.3233577756627402,0.2423475013548543,0.28740426958800813,0.22312813506632231,0.2467538034184849,0.40602013235986945,0.3378727753727754,0.17624912992437564,0.23499801926255026,0.46428571428571425,0.17389828282029912,0.34595755831940067,0.35294310604896206,0.1802628751116993,0.6069494623530192,0.1867928292877583,0.20813536661750948,0.30451556192065565,0.10456049231814023,14,0.7222222222222221,0.5387205387205387,0.7996632996632996,0.7845117845117845,0.7593283582089552,0.7643097643097643,0.7306397306397308,0.8198653198653199,0.7777777777777777,0.7630597014925373,0.7760942760942761,0.6868686868686869,0.7272727272727273,0.6835016835016834,0.8451492537313433,0.6026936026936027,0.6986531986531986,0.8367003367003367,0.5824915824915824,0.7854477611940298,0.8249158249158249,0.606060606060606,0.8316498316498316,0.638047138047138,0.7350746268656716,0.7328287853660989,0.08337080150147722,24
0.5423721885681152,0.15295424308219455,0.18282812118530273,0.0818678516266791,1,0.5,5,0.2,2,200,5,8,0.5,16,balanced,True,"{'sampler_nearmiss__version': 1, 'sampler_nearmiss__sampling_strategy': 0.5, 'sampler_nearmiss__n_neighbors': 5, 'sampler_adasyn__sampling_strategy': 0.2, 'sampler_adasyn__n_neighbors': 2, 'rf__n_estimators': 200, 'rf__min_samples_split': 5, 'rf__min_samples_leaf': 8, 'rf__max_features': 0.5, 'rf__max_depth': 16, 'rf__class_weight': 'balanced', 'rf__bootstrap': True}",0.2608695652173913,0.17391304347826086,0.24000000000000005,0.380952380952381,0.39999999999999997,0.42857142857142855,0.30769230769230765,0.43478260869565216,0.3448275862068966,0.3478260869565218,0.3703703703703704,0.33333333333333326,0.2222222222222222,0.4761904761904762,0.375,0.19999999999999998,0.3703703703703704,0.5185185185185185,0.2857142857142857,0.3888888888888889,0.5,0.15384615384615383,0.46153846153846156,0.24000000000000005,0.2727272727272727,0.3395262144596478,0.09979278113643454,3,0.3900389863547758,0.15688244454229108,0.386231417009449,0.32960474911561866,0.3091434427641324,0.33029383168272064,0.31569883069883076,0.3567629900963234,0.40188792688792685,0.2137127512127512,0.3359540568364098,0.2434770729807101,0.23913560896319516,0.4264894890498755,0.33685835854953505,0.17420557347868437,0.26930672641198955,0.422919113616788,0.20528120557971974,0.3707304460245637,0.3919218413929456,0.19974444077247033,0.5422113220963796,0.24188407942930432,0.19477544389596224,0.31140608597773417,0.09358690777896743,12,0.7508417508417509,0.5622895622895623,0.7895622895622896,0.7356902356902357,0.8022388059701493,0.7946127946127947,0.744107744107744,0.797979797979798,0.7962962962962963,0.7276119402985075,0.7744107744107744,0.6767676767676767,0.6902356902356902,0.6683501683501684,0.8451492537313434,0.6094276094276094,0.7272727272727273,0.8484848484848484,0.6498316498316499,0.8246268656716418,0.8097643097643097,0.6599326599326599,0.835016835016835,0.6936026936026936,0.6716417910447761,0.7394298708477813,0.0756242311440371,15
0.8745799350738526,0.15214115927635988,0.32397558212280275,0.1148493615397101,1,0.4,3,0.2,1,400,5,8,0.5,5,balanced,True,"{'sampler_nearmiss__version': 1, 'sampler_nearmiss__sampling_strategy': 0.4, 'sampler_nearmiss__n_neighbors': 3, 'sampler_adasyn__sampling_strategy': 0.2, 'sampler_adasyn__n_neighbors': 1, 'rf__n_estimators': 400, 'rf__min_samples_split': 5, 'rf__min_samples_leaf': 8, 'rf__max_features': 0.5, 'rf__max_depth': 5, 'rf__class_weight': 'balanced', 'rf__bootstrap': True}",0.3,0.17391304347826086,0.19999999999999998,0.3636363636363637,0.39999999999999997,0.3846153846153846,0.34782608695652173,0.3,0.4166666666666667,0.3333333333333333,0.1904761904761905,0.09523809523809525,0.33333333333333337,0.5555555555555556,0.3333333333333333,0.2105263157894737,0.24000000000000005,0.4800000000000001,0.28571428571428575,0.39999999999999997,0.4800000000000001,0.10526315789473685,0.39999999999999997,0.27272727272727276,0.43478260869565216,0.3214776410977784,0.11445183795057247,8,0.3264189984172174,0.14277614603189168,0.337028712028712,0.3228419154331747,0.37521967120181404,0.3028587834789385,0.39966745926552527,0.35934583635733064,0.3437584998730655,0.21909901057197073,0.27482681992979474,0.2067788817032192,0.23555436722970602,0.42060087564630844,0.329923433048433,0.1706291641783318,0.2139238437415252,0.40052657021347726,0.18623084478612514,0.3731865748498813,0.4291698230654945,0.19728813859248642,0.4189797644478973,0.1919738426771675,0.2173767436267436,0.29583938881584926,0.08850179528001931,21,0.7373737373737372,0.5303030303030303,0.7996632996632995,0.7929292929292929,0.7929104477611941,0.7592592592592592,0.7643097643097643,0.8215488215488215,0.7441077441077442,0.7332089552238806,0.7760942760942761,0.6952861952861953,0.7373737373737375,0.6952861952861952,0.8283582089552239,0.6212121212121211,0.6818181818181818,0.8484848484848484,0.6077441077441077,0.8227611940298507,0.8333333333333333,0.6464646464646464,0.8316498316498316,0.6683501683501684,0.710820895522388,0.7392260917634053,0.07984147941054612,16
0.8438285255432129,0.1251965844859538,0.24270523071289063,0.07690216537609461,1,0.5,5,0.2,2,400,10,5,0.3,16,balanced,True,"{'sampler_nearmiss__version': 1, 'sampler_nearmiss__sampling_strategy': 0.5, 'sampler_nearmiss__n_neighbors': 5, 'sampler_adasyn__sampling_strategy': 0.2, 'sampler_adasyn__n_neighbors': 2, 'rf__n_estimators': 400, 'rf__min_samples_split': 10, 'rf__min_samples_leaf': 5, 'rf__max_features': 0.3, 'rf__max_depth': 16, 'rf__class_weight': 'balanced', 'rf__bootstrap': True}",0.3,0.18181818181818185,0.2608695652173913,0.34782608695652173,0.35714285714285715,0.39999999999999997,0.34782608695652173,0.3,0.4444444444444444,0.2727272727272727,0.32,0.30769230769230765,0.32,0.39999999999999997,0.3870967741935483,0.1904761904761905,0.4166666666666667,0.4800000000000001,0.1904761904761905,0.39999999999999997,0.4444444444444444,0.09090909090909093,0.43478260869565216,0.24000000000000005,0.2727272727272727,0.3243170416617822,0.09501653839890671,6,0.4005817426699651,0.15083669349721843,0.4267351500288682,0.390531751616208,0.3169507575757575,0.3101142550417913,0.38232749150042383,0.36909712552987406,0.4449214365881033,0.227968449956116,0.3320053406839521,0.24610302033271222,0.2334267040149393,0.477431174489998,0.3280780902104431,0.1725754008760545,0.2859753375914703,0.4435185185185185,0.18161626350032145,0.3751292688792689,0.3858186203774439,0.1942412359975084,0.5364917976760082,0.1966881748037803,0.23064662428007585,0.32159241704947283,0.10399695440559942,5,0.7828282828282829,0.5740740740740741,0.7996632996632996,0.7744107744107744,0.7910447761194029,0.7693602693602694,0.765993265993266,0.8148148148148148,0.803030303030303,0.7481343283582089,0.7676767676767676,0.6885521885521886,0.7070707070707071,0.685185185185185,0.8190298507462687,0.5942760942760943,0.7525252525252525,0.8316498316498316,0.5942760942760943,0.8283582089552238,0.808080808080808,0.6531986531986531,0.8232323232323232,0.6531986531986531,0.7182835820895523,0.741917935574652,0.07680688452966221,11
0.6101912117004394,0.08857338698408726,0.18580398559570313,0.039969371226514006,1,0.5,3,0.2,2,300,10,8,0.3,12,balanced,True,"{'sampler_nearmiss__version': 1, 'sampler_nearmiss__sampling_strategy': 0.5, 'sampler_nearmiss__n_neighbors': 3, 'sampler_adasyn__sampling_strategy': 0.2, 'sampler_adasyn__n_neighbors': 2, 'rf__n_estimators': 300, 'rf__min_samples_split': 10, 'rf__min_samples_leaf': 8, 'rf__max_features': 0.3, 'rf__max_depth': 12, 'rf__class_weight': 'balanced', 'rf__bootstrap': True}",0.2608695652173913,0.17391304347826086,0.33333333333333337,0.4545454545454546,0.35714285714285715,0.42857142857142855,0.23076923076923078,0.3636363636363637,0.41379310344827586,0.26086956521739135,0.33333333333333326,0.23076923076923078,0.23076923076923078,0.380952380952381,0.375,0.18181818181818185,0.3870967741935484,0.5,0.25,0.3333333333333333,0.35714285714285715,0.08,0.4444444444444444,0.2857142857142857,0.3478260869565218,0.31982576339149343,0.09772952119121502,9,0.4388766752492243,0.1533292954345586,0.4498341030949727,0.3702334308717288,0.2765126662553133,0.3710439092623001,0.309878654914558,0.3723850430239882,0.5319774108473798,0.23072868433267546,0.3391020111748403,0.20734235061813922,0.2339053063966383,0.41533988360075313,0.3529761904761905,0.1826369147421779,0.28751838066354196,0.3625118708452042,0.2001223145564316,0.34770632593213235,0.37539160524862797,0.19591080937586586,0.5589102526237029,0.2316041366041366,0.21270006829328864,0.3203391317775348,0.10656868424825526,6,0.8013468013468014,0.5841750841750841,0.8215488215488216,0.7676767676767676,0.7929104477611941,0.8164983164983165,0.7356902356902356,0.8282828282828283,0.8215488215488216,0.7444029850746269,0.7626262626262625,0.6851851851851852,0.7104377104377104,0.6649831649831649,0.8582089552238807,0.6043771043771045,0.7575757575757576,0.8367003367003366,0.6430976430976432,0.7966417910447761,0.8080808080808081,0.6565656565656566,0.8484848484848484,0.6902356902356903,0.7182835820895522,0.7502226242524749,0.076665138324964,3
0.6598341464996338,0.07888397360373699,0.1992148780822754,0.07354876805502866,1,0.5,3,0.3,1,400,10,5,sqrt,16,balanced,True,"{'sampler_nearmiss__version': 1, 'sampler_nearmiss__sampling_strategy': 0.5, 'sampler_nearmiss__n_neighbors': 3, 'sampler_adasyn__sampling_strategy': 0.3, 'sampler_adasyn__n_neighbors': 1, 'rf__n_estimators': 400, 'rf__min_samples_split': 10, 'rf__min_samples_leaf': 5, 'rf__max_features': 'sqrt', 'rf__max_depth': 16, 'rf__class_weight': 'balanced', 'rf__bootstrap': True}",0.3333333333333333,0.08695652173913043,0.43478260869565216,0.3846153846153846,0.3478260869565218,0.2608695652173913,0.3636363636363637,0.5454545454545455,0.3846153846153846,0.0,0.33333333333333337,0.09523809523809525,0.2222222222222222,0.39999999999999997,0.4166666666666667,0.18181818181818185,0.27272727272727276,0.5,0.19999999999999998,0.4,0.4800000000000001,0.09090909090909093,0.4761904761904762,0.25,0.2105263157894737,0.3068688579663408,0.1415624876334305,16,0.31590370413899826,0.14374681030728992,0.5289332067109844,0.36383336242904385,0.24061563436563438,0.25644787311453976,0.2884594177429646,0.4663004312127119,0.30656240525086365,0.18619674185463658,0.44213817982465575,0.2819737425938976,0.2732819436842425,0.3637220082522824,0.29097837818530925,0.15698783519390022,0.3474866563030814,0.47107515940849276,0.24411424324467804,0.47731251204935415,0.34435951110524166,0.18094338452702322,0.48078403078403076,0.2979518090408595,0.22834652455020998,0.31913822023499705,0.10659971033029733,7,0.7929292929292929,0.531986531986532,0.8585858585858586,0.7575757575757576,0.7537313432835822,0.7272727272727273,0.702020202020202,0.8888888888888888,0.7609427609427609,0.7089552238805971,0.7912457912457912,0.6902356902356903,0.7609427609427609,0.6902356902356902,0.7705223880597015,0.5707070707070707,0.7558922558922558,0.8468013468013468,0.6498316498316499,0.8712686567164178,0.8282828282828283,0.638047138047138,0.7828282828282829,0.6481481481481481,0.7313432835820896,0.7403688627569224,0.08694067105645611,13
0.8775067996978759,0.129675903777287,0.24741010665893554,0.08949610401951198,1,0.5,5,0.2,2,400,10,3,0.5,16,balanced,True,"{'sampler_nearmiss__version': 1, 'sampler_nearmiss__sampling_strategy': 0.5, 'sampler_nearmiss__n_neighbors': 5, 'sampler_adasyn__sampling_strategy': 0.2, 'sampler_adasyn__n_neighbors': 2, 'rf__n_estimators': 400, 'rf__min_samples_split': 10, 'rf__min_samples_leaf': 3, 'rf__max_features': 0.5, 'rf__max_depth': 16, 'rf__class_weight': 'balanced', 'rf__bootstrap': True}",0.3,0.09523809523809525,0.1904761904761905,0.43478260869565216,0.3846153846153846,0.39999999999999997,0.3,0.3157894736842105,0.46153846153846156,0.2962962962962963,0.33333333333333337,0.23076923076923078,0.32,0.5,0.34285714285714286,0.2105263157894737,0.34782608695652173,0.56,0.18181818181818185,0.3888888888888889,0.34782608695652173,0.09999999999999999,0.4761904761904762,0.2608695652173913,0.2,0.31918567277285814,0.11647624169544894,10,0.3393844482532026,0.1477753972377628,0.313814535067765,0.3201435079954909,0.3148824536119618,0.36474269691661,0.3976531689039901,0.31653139200468483,0.4938198041343837,0.2463530276030276,0.3273146812035701,0.2575021741817407,0.21286756480065444,0.42449635170029476,0.2995670995670996,0.17978053097993127,0.25720972794143526,0.45960742210742206,0.1909977371812901,0.3938712867592178,0.40234199740502263,0.19549030285902047,0.5428455811410747,0.18372917556874208,0.20872340164135827,0.31165781867067016,0.10332567365109503,11,0.7356902356902356,0.5740740740740741,0.7676767676767676,0.760942760942761,0.7798507462686567,0.7643097643097643,0.7861952861952862,0.7794612794612794,0.8080808080808082,0.7555970149253731,0.7491582491582491,0.7171717171717171,0.6717171717171717,0.7070707070707071,0.8059701492537313,0.595959595959596,0.7121212121212122,0.8350168350168351,0.6077441077441077,0.8395522388059702,0.8114478114478114,0.6481481481481481,0.8198653198653199,0.6195286195286195,0.6921641791044777,0.7337805919895471,0.07587278626641393,20
0.5150273513793945,0.1282806366304431,0.1413686180114746,0.06312863542913343,1,0.4,3,0.2,2,300,5,8,sqrt,12,balanced,True,"{'sampler_nearmiss__version': 1, 'sampler_nearmiss__sampling_strategy': 0.4, 'sampler_nearmiss__n_neighbors': 3, 'sampler_adasyn__sampling_strategy': 0.2, 'sampler_adasyn__n_neighbors': 2, 'rf__n_estimators': 300, 'rf__min_samples_split': 5, 'rf__min_samples_leaf': 8, 'rf__max_features': 'sqrt', 'rf__max_depth': 12, 'rf__class_weight': 'balanced', 'rf__bootstrap': True}",0.43478260869565216,0.08695652173913043,0.3846153846153846,0.42857142857142855,0.2857142857142857,0.46153846153846156,0.24000000000000005,0.6153846153846153,0.46153846153846156,0.23076923076923078,0.2962962962962963,0.3846153846153846,0.5185185185185185,0.4166666666666667,0.34285714285714286,0.21428571428571427,0.32,0.4444444444444444,0.2222222222222222,0.411764705882353,0.3428571428571429,0.09090909090909093,0.4166666666666667,0.3225806451612903,0.3333333333333333,0.3483155589313167,0.12123524147597267,2,0.4431459542260759,0.16751905139160042,0.5007431198252454,0.4016808199040274,0.22805168058705796,0.3506738568142077,0.2570099923928607,0.5121715121715121,0.3179879574616417,0.22136904761904763,0.45059758339900186,0.24418630751964088,0.31614881124685046,0.3714553403654479,0.31843294284332024,0.15473306249857988,0.2880734456404954,0.4153414549833987,0.2791479812217139,0.40188642376142375,0.4327579321645369,0.21843521943033384,0.4732088193734092,0.3037710528519352,0.21011312335325494,0.3311456997218648,0.10291374528027354,2,0.8333333333333333,0.5909090909090909,0.8569023569023569,0.7609427609427609,0.75,0.7744107744107744,0.664983164983165,0.8939393939393938,0.7777777777777778,0.7555970149253731,0.7845117845117845,0.7373737373737375,0.8198653198653199,0.6851851851851851,0.8059701492537313,0.569023569023569,0.7912457912457912,0.8619528619528619,0.6818181818181819,0.8488805970149254,0.7946127946127945,0.6986531986531986,0.8131313131313131,0.6582491582491583,0.710820895522388,0.7568036082215187,0.08137181949973646,2
0.7955326747894287,0.14769303402746797,0.2462238883972168,0.06997253978192364,1,0.4,5,0.2,2,400,5,3,0.3,5,balanced,True,"{'sampler_nearmiss__version': 1, 'sampler_nearmiss__sampling_strategy': 0.4, 'sampler_nearmiss__n_neighbors': 5, 'sampler_adasyn__sampling_strategy': 0.2, 'sampler_adasyn__n_neighbors': 2, 'rf__n_estimators': 400, 'rf__min_samples_split': 5, 'rf__min_samples_leaf': 3, 'rf__max_features': 0.3, 'rf__max_depth': 5, 'rf__class_weight': 'balanced', 'rf__bootstrap': True}",0.2222222222222222,0.0,0.28571428571428575,0.3333333333333333,0.4210526315789474,0.43478260869565216,0.2222222222222222,0.375,0.380952380952381,0.33333333333333326,0.13333333333333333,0.3,0.28571428571428575,0.5882352941176471,0.3333333333333333,0.23529411764705882,0.2222222222222222,0.39999999999999997,0.11764705882352941,0.44444444444444436,0.380952380952381,0.11764705882352941,0.5555555555555556,0.19999999999999998,0.11764705882352941,0.29762556647372906,0.13917976897559084,21,0.38460113960113956,0.15501217852394586,0.310739436749667,0.3210282651072125,0.3031746031746032,0.3766041736516704,0.3168347387222966,0.34267337998520797,0.34101090419875996,0.24589048883403722,0.2926837001607261,0.24234006734006733,0.21812004618783687,0.40509223470725697,0.3285079503829504,0.18946767240884888,0.2460056110257723,0.36050799050799054,0.18208025942041287,0.38066940579417896,0.46972311102745884,0.19776997023373832,0.5330827984276261,0.1951817087782,0.24606212500949343,0.3033945583984439,0.09157895111703153,16,0.8047138047138047,0.5774410774410774,0.7962962962962963,0.7996632996632997,0.7910447761194029,0.7575757575757576,0.7592592592592593,0.7861952861952861,0.7861952861952861,0.7593283582089553,0.7845117845117845,0.739057239057239,0.702020202020202,0.7053872053872053,0.8097014925373134,0.6498316498316499,0.6818181818181818,0.8299663299663299,0.6363636363636362,0.8376865671641791,0.8097643097643098,0.6548821548821548,0.8518518518518519,0.6683501683501684,0.7033582089552238,0.7472905673651943,0.07054452741300231,5
0.7346101665496826,0.13634125841582478,0.2609217357635498,0.09102667841845685,1,0.4,5,0.2,2,300,10,5,0.5,5,balanced,True,"{'sampler_nearmiss__version': 1, 'sampler_nearmiss__sampling_strategy': 0.4, 'sampler_nearmiss__n_neighbors': 5, 'sampler_adasyn__sampling_strategy': 0.2, 'sampler_adasyn__n_neighbors': 2, 'rf__n_estimators': 300, 'rf__min_samples_split': 10, 'rf__min_samples_leaf': 5, 'rf__max_features': 0.5, 'rf__max_depth': 5, 'rf__class_weight': 'balanced', 'rf__bootstrap': True}",0.3157894736842105,0.0,0.19999999999999998,0.3157894736842105,0.4166666666666667,0.4166666666666667,0.25,0.3157894736842105,0.43478260869565216,0.2857142857142857,0.39999999999999997,0.16666666666666669,0.27272727272727276,0.4761904761904762,0.3225806451612903,0.2222222222222222,0.25,0.3,0.10526315789473685,0.35714285714285715,0.33333333333333337,0.09999999999999999,0.5,0.33333333333333337,0.2105263157894737,0.2920473971703026,0.11786414524732006,23,0.35779164881280634,0.1457284805756911,0.4197838946024064,0.29791259009336485,0.28887736435256217,0.3895467505590624,0.36060532103488757,0.3232784539236152,0.3729914571192462,0.22699510892266897,0.2958707665056871,0.2071559816154343,0.24083096172189875,0.5096121728590397,0.42693070818070816,0.1993264044897792,0.23343740723064993,0.37437134502923974,0.1874907226148625,0.3734069279076395,0.4194948670762447,0.20967087535714987,0.5284564443061175,0.21245456590985046,0.2133823368435237,0.31261614230576545,0.10210889138954017,10,0.765993265993266,0.5589225589225589,0.7895622895622896,0.7794612794612794,0.7817164179104478,0.7626262626262627,0.7390572390572392,0.7811447811447811,0.7929292929292929,0.708955223880597,0.7794612794612794,0.6952861952861953,0.6835016835016835,0.6986531986531986,0.8395522388059702,0.6531986531986531,0.6885521885521886,0.8299663299663299,0.6245791245791247,0.833955223880597,0.7929292929292929,0.6818181818181818,0.8434343434343434,0.696969696969697,0.6921641791044777,0.7397756168651692,0.07071269434145165,14
0.5075879669189454,0.09358457400269221,0.2028140163421631,0.06795631256316548,1,0.4,5,0.3,2,200,15,8,0.5,8,balanced,True,"{'sampler_nearmiss__version': 1, 'sampler_nearmiss__sampling_strategy': 0.4, 'sampler_nearmiss__n_neighbors': 5, 'sampler_adasyn__sampling_strategy': 0.3, 'sampler_adasyn__n_neighbors': 2, 'rf__n_estimators': 200, 'rf__min_samples_split': 15, 'rf__min_samples_leaf': 8, 'rf__max_features': 0.5, 'rf__max_depth': 8, 'rf__class_weight': 'balanced', 'rf__bootstrap': True}",0.3157894736842105,0.09999999999999999,0.28571428571428575,0.4545454545454546,0.48,0.4166666666666667,0.33333333333333337,0.3636363636363637,0.3703703703703704,0.22222222222222224,0.10526315789473685,0.18181818181818185,0.2608695652173913,0.4210526315789474,0.36363636363636365,0.1904761904761905,0.32,0.3636363636363637,0.3846153846153846,0.26086956521739135,0.33333333333333337,0.1111111111111111,0.3703703703703704,0.18181818181818185,0.2857142857142857,0.29907451426444565,0.10576625048632454,20,0.33451370154268706,0.13827923252643393,0.29860649792755023,0.2901561380394332,0.2984030971168719,0.3877756741123445,0.37110857189288565,0.36431216931216925,0.29267595688648324,0.20527216050796174,0.2617628221076497,0.20935614428867802,0.24550670557872067,0.4071585153674706,0.22757608206692875,0.1579814525941511,0.2527340647978733,0.3951007326007326,0.19140442836263272,0.2923328681552365,0.36758944955753464,0.2175577040852183,0.5357527657527656,0.18401106807438206,0.2084232624673801,0.285414050628887,0.09154474738335722,24,0.7255892255892256,0.5303030303030303,0.7828282828282829,0.7744107744107744,0.8134328358208955,0.8063973063973063,0.7255892255892256,0.8047138047138047,0.7542087542087542,0.7164179104477613,0.7575757575757576,0.7003367003367003,0.734006734006734,0.6902356902356902,0.75,0.601010101010101,0.6969696969696969,0.8097643097643097,0.6430976430976432,0.8171641791044776,0.803030303030303,0.7138047138047138,0.8535353535353536,0.6363636363636364,0.7070895522388061,0.7339150208553192,0.07388540325345912,19
0.5715064525604248,0.1056857887134289,0.1625004768371582,0.044555451444263885,1,0.5,5,0.3,2,300,5,8,0.3,8,balanced,True,"{'sampler_nearmiss__version': 1, 'sampler_nearmiss__sampling_strategy': 0.5, 'sampler_nearmiss__n_neighbors': 5, 'sampler_adasyn__sampling_strategy': 0.3, 'sampler_adasyn__n_neighbors': 2, 'rf__n_estimators': 300, 'rf__min_samples_split': 5, 'rf__min_samples_leaf': 8, 'rf__max_features': 0.3, 'rf__max_depth': 8, 'rf__class_weight': 'balanced', 'rf__bootstrap': True}",0.28571428571428575,0.16666666666666669,0.27272727272727276,0.4545454545454546,0.35714285714285715,0.3846153846153846,0.34782608695652173,0.33333333333333337,0.46153846153846156,0.2105263157894737,0.3636363636363637,0.08333333333333334,0.25,0.39999999999999997,0.2727272727272727,0.1904761904761905,0.2962962962962963,0.28571428571428575,0.25,0.44444444444444436,0.380952380952381,0.09999999999999999,0.3846153846153846,0.25,0.3478260869565218,0.3029863263272874,0.09972490461751399,17,0.39769752664489505,0.1342233154523346,0.3995707123948743,0.336142713231662,0.2484717252132113,0.35444907396126907,0.3120489017073458,0.3365377666166617,0.33962093786655195,0.19616972080207373,0.34178064415422515,0.22205964209443022,0.2573791861010868,0.40587580028779824,0.21781973108192623,0.15482831304813796,0.27085399200062926,0.41755221245586355,0.19681942696127094,0.34587184873949584,0.3578563411896745,0.20283264273019444,0.5486380987954551,0.2948344675919047,0.206307823556811,0.29984970258719135,0.09533214696151486,17,0.7575757575757576,0.5252525252525253,0.8047138047138047,0.7794612794612794,0.7593283582089553,0.8097643097643097,0.6936026936026936,0.8097643097643097,0.7811447811447811,0.7220149253731343,0.7828282828282828,0.6902356902356902,0.7356902356902357,0.6851851851851852,0.7537313432835822,0.595959595959596,0.734006734006734,0.8181818181818181,0.6414141414141414,0.8097014925373134,0.7962962962962963,0.6649831649831649,0.8299663299663299,0.6599326599326599,0.7033582089552238,0.7337637569727121,0.07459626097085596,21
0.3368437385559082,0.06949621478779856,0.08585476875305176,0.021977799085574914,1,0.5,5,0.2,2,200,5,5,sqrt,12,balanced,True,"{'sampler_nearmiss__version': 1, 'sampler_nearmiss__sampling_strategy': 0.5, 'sampler_nearmiss__n_neighbors': 5, 'sampler_adasyn__sampling_strategy': 0.2, 'sampler_adasyn__n_neighbors': 2, 'rf__n_estimators': 200, 'rf__min_samples_split': 5, 'rf__min_samples_leaf': 5, 'rf__max_features': 'sqrt', 'rf__max_depth': 12, 'rf__class_weight': 'balanced', 'rf__bootstrap': True}",0.43478260869565216,0.16,0.4444444444444444,0.3636363636363637,0.30769230769230765,0.42857142857142855,0.2962962962962963,0.3636363636363637,0.4800000000000001,0.30303030303030304,0.4166666666666667,0.2857142857142857,0.3846153846153846,0.33333333333333337,0.411764705882353,0.14814814814814814,0.5,0.4666666666666666,0.17391304347826086,0.3684210526315789,0.3225806451612903,0.4,0.380952380952381,0.2758620689655173,0.3333333333333333,0.35136247326209435,0.0926369861191972,1,0.38120628368306386,0.14397931162637045,0.49142532287693574,0.4507700536662285,0.23647677571826176,0.26875904665618555,0.28705481532192784,0.3965022567324358,0.38218460605819804,0.2213406385281385,0.5523829427277703,0.21296330113534417,0.2742881807584473,0.3919794197201978,0.2823260073260073,0.17208152787102363,0.371237770268778,0.4062524469501213,0.2607207263554013,0.47673350041771095,0.4162870006234039,0.24178380308827394,0.5340031451660607,0.30628844839371155,0.20734609377297036,0.3346549370177188,0.11211173536037773,1,0.8400673400673401,0.5437710437710437,0.8316498316498315,0.7558922558922558,0.746268656716418,0.7390572390572391,0.7491582491582491,0.8434343434343434,0.7777777777777778,0.7518656716417911,0.8316498316498316,0.6952861952861953,0.7525252525252526,0.6868686868686869,0.7985074626865672,0.5454545454545454,0.8282828282828283,0.8468013468013468,0.632996632996633,0.8656716417910448,0.7912457912457913,0.7323232323232323,0.7760942760942762,0.632996632996633,0.7052238805970149,0.7480348258706467,0.08618319225568691,4
