mean_fit_time,std_fit_time,mean_score_time,std_score_time,param_sampler__sampling_strategy,param_sampler__k_neighbors,param_rf__n_estimators,param_rf__min_samples_split,param_rf__min_samples_leaf,param_rf__max_features,param_rf__max_depth,param_rf__class_weight,param_rf__bootstrap,params,split0_test_f1,split1_test_f1,split2_test_f1,split3_test_f1,split4_test_f1,split5_test_f1,split6_test_f1,split7_test_f1,split8_test_f1,split9_test_f1,split10_test_f1,split11_test_f1,split12_test_f1,split13_test_f1,split14_test_f1,split15_test_f1,split16_test_f1,split17_test_f1,split18_test_f1,split19_test_f1,split20_test_f1,split21_test_f1,split22_test_f1,split23_test_f1,split24_test_f1,mean_test_f1,std_test_f1,rank_test_f1,split0_test_pr_auc,split1_test_pr_auc,split2_test_pr_auc,split3_test_pr_auc,split4_test_pr_auc,split5_test_pr_auc,split6_test_pr_auc,split7_test_pr_auc,split8_test_pr_auc,split9_test_pr_auc,split10_test_pr_auc,split11_test_pr_auc,split12_test_pr_auc,split13_test_pr_auc,split14_test_pr_auc,split15_test_pr_auc,split16_test_pr_auc,split17_test_pr_auc,split18_test_pr_auc,split19_test_pr_auc,split20_test_pr_auc,split21_test_pr_auc,split22_test_pr_auc,split23_test_pr_auc,split24_test_pr_auc,mean_test_pr_auc,std_test_pr_auc,rank_test_pr_auc,split0_test_roc_auc,split1_test_roc_auc,split2_test_roc_auc,split3_test_roc_auc,split4_test_roc_auc,split5_test_roc_auc,split6_test_roc_auc,split7_test_roc_auc,split8_test_roc_auc,split9_test_roc_auc,split10_test_roc_auc,split11_test_roc_auc,split12_test_roc_auc,split13_test_roc_auc,split14_test_roc_auc,split15_test_roc_auc,split16_test_roc_auc,split17_test_roc_auc,split18_test_roc_auc,split19_test_roc_auc,split20_test_roc_auc,split21_test_roc_auc,split22_test_roc_auc,split23_test_roc_auc,split24_test_roc_auc,mean_test_roc_auc,std_test_roc_auc,rank_test_roc_auc
1.0991804790496826,0.3619439776178036,0.44254350662231445,0.30568940161888125,0.2,5,400,10,5,0.5,8,balanced,True,"{'sampler__sampling_strategy': 0.2, 'sampler__k_neighbors': 5, 'rf__n_estimators': 400, 'rf__min_samples_split': 10, 'rf__min_samples_leaf': 5, 'rf__max_features': 0.5, 'rf__max_depth': 8, 'rf__class_weight': 'balanced', 'rf__bootstrap': True}",0.13333333333333333,0.0,0.0,0.2857142857142857,0.47058823529411764,0.375,0.4210526315789474,0.15384615384615383,0.2857142857142857,0.15384615384615385,0.13333333333333333,0.13333333333333333,0.125,0.30769230769230765,0.13333333333333333,0.11764705882352941,0.2222222222222222,0.26666666666666666,0.11764705882352941,0.39999999999999997,0.5,0.0,0.3333333333333333,0.0,0.14285714285714288,0.2084864347898404,0.14620626285655228,20,0.31127462742642,0.169361723475281,0.2146214372955841,0.3359399565748772,0.30045787545787545,0.2956886268233786,0.4004714421381088,0.32151274651274653,0.3796059486596571,0.18510994364643715,0.2515750682989245,0.24954556697442878,0.23112361208336438,0.3115237059027959,0.21276536930561696,0.18934488596538418,0.20806909331161136,0.3429637323794412,0.2210624814681018,0.3765585839598997,0.615307917888563,0.22189189554042782,0.3065312560384245,0.18724622327563506,0.18827786796536797,0.28111326353473415,0.09586220810700861,22,0.7424242424242424,0.6212121212121212,0.7306397306397306,0.8131313131313131,0.8059701492537313,0.7643097643097643,0.7878787878787878,0.8215488215488216,0.8063973063973063,0.6473880597014926,0.7845117845117845,0.7306397306397306,0.7222222222222222,0.7154882154882155,0.7388059701492538,0.6666666666666666,0.67003367003367,0.835016835016835,0.6784511784511784,0.8675373134328359,0.8164983164983165,0.7222222222222222,0.8063973063973063,0.67003367003367,0.666044776119403,0.745258806975225,0.0660351005797682,22
0.5574520969390869,0.13801430471050524,0.13167729377746581,0.017301775788554873,0.2,5,400,10,3,sqrt,8,balanced,True,"{'sampler__sampling_strategy': 0.2, 'sampler__k_neighbors': 5, 'rf__n_estimators': 400, 'rf__min_samples_split': 10, 'rf__min_samples_leaf': 3, 'rf__max_features': 'sqrt', 'rf__max_depth': 8, 'rf__class_weight': 'balanced', 'rf__bootstrap': True}",0.26666666666666666,0.0,0.16666666666666666,0.3333333333333333,0.25,0.23529411764705882,0.35294117647058826,0.42857142857142855,0.25,0.0,0.35294117647058826,0.13333333333333333,0.23529411764705882,0.4,0.35294117647058826,0.0,0.2857142857142857,0.42857142857142855,0.15384615384615383,0.39999999999999997,0.6,0.0,0.2857142857142857,0.14285714285714285,0.0,0.2421874595992243,0.1581804982998972,11,0.3779482708006062,0.17186790270123603,0.25462927860906504,0.43171734048927035,0.26423477551573527,0.2922915319974143,0.37095064957182283,0.42710998877665546,0.3198034828750963,0.18476948872126947,0.3709926324173637,0.2178479923331182,0.2614177222251584,0.3768211560540013,0.24738051470588235,0.15462339403515873,0.25694221308256393,0.5347108512020793,0.22704586147989905,0.3906673881673882,0.5670729099690848,0.22030772098522775,0.3841180702443054,0.2363752320356094,0.17589036791741178,0.30870146947649696,0.1084403535896047,6,0.8097643097643097,0.6127946127946128,0.7558922558922558,0.8148148148148149,0.8134328358208955,0.7794612794612794,0.7744107744107743,0.867003367003367,0.781144781144781,0.6772388059701493,0.8383838383838385,0.7037037037037036,0.7306397306397306,0.7558922558922558,0.7555970149253731,0.5824915824915825,0.739057239057239,0.8838383838383838,0.6734006734006734,0.8917910447761194,0.8249158249158248,0.7239057239057238,0.8569023569023569,0.7087542087542087,0.6567164179104478,0.7604779134629881,0.0799784232580386,2
0.28679882049560546,0.05826756436963542,0.09425911903381348,0.011607924907469737,0.3,3,200,15,8,sqrt,12,balanced,True,"{'sampler__sampling_strategy': 0.3, 'sampler__k_neighbors': 3, 'rf__n_estimators': 200, 'rf__min_samples_split': 15, 'rf__min_samples_leaf': 8, 'rf__max_features': 'sqrt', 'rf__max_depth': 12, 'rf__class_weight': 'balanced', 'rf__bootstrap': True}",0.25,0.33333333333333337,0.25,0.3,0.2,0.380952380952381,0.3157894736842105,0.4,0.23529411764705882,0.14285714285714288,0.39999999999999997,0.1111111111111111,0.43478260869565216,0.4444444444444444,0.2857142857142857,0.17391304347826086,0.33333333333333337,0.33333333333333337,0.14285714285714285,0.39999999999999997,0.4166666666666667,0.2222222222222222,0.3,0.23529411764705882,0.0,0.28167595031910553,0.110449114790293,8,0.411917410777432,0.19893842540901363,0.2495325826844278,0.3718974147545576,0.2309876535619822,0.2681724202106039,0.29457493486007685,0.49674091340758,0.33221158400186535,0.18181659752141563,0.49270006230957,0.2116033649586281,0.25298713632046965,0.3385238423601594,0.19366636073953145,0.1613721950973741,0.28501467426307336,0.3030011087916625,0.2252906456378009,0.3972154110911226,0.44377453490356716,0.27227468005245786,0.3305441418484897,0.24139688762840583,0.15025601638504865,0.29345643998305265,0.09624220057996655,17,0.84006734006734,0.6346801346801347,0.7575757575757576,0.771043771043771,0.7723880597014926,0.7474747474747474,0.7592592592592593,0.877104377104377,0.7508417508417508,0.6548507462686567,0.8198653198653199,0.7003367003367003,0.7727272727272726,0.7340067340067339,0.6847014925373134,0.5942760942760943,0.7525252525252525,0.797979797979798,0.6750841750841751,0.8619402985074627,0.7794612794612794,0.7962962962962962,0.8333333333333335,0.7053872053872053,0.6044776119402986,0.7471073923312727,0.07421935646823176,20
0.5651727867126465,0.09599623637531719,0.15327176094055175,0.056825155093688774,0.3,3,400,10,5,sqrt,16,balanced,True,"{'sampler__sampling_strategy': 0.3, 'sampler__k_neighbors': 3, 'rf__n_estimators': 400, 'rf__min_samples_split': 10, 'rf__min_samples_leaf': 5, 'rf__max_features': 'sqrt', 'rf__max_depth': 16, 'rf__class_weight': 'balanced', 'rf__bootstrap': True}",0.26666666666666666,0.09999999999999999,0.16666666666666666,0.25,0.0,0.13333333333333333,0.2857142857142857,0.42857142857142855,0.25,0.0,0.35294117647058826,0.125,0.2222222222222222,0.4,0.33333333333333326,0.10526315789473685,0.3157894736842105,0.25,0.14285714285714285,0.39999999999999997,0.47058823529411764,0.0,0.3333333333333333,0.15384615384615383,0.0,0.21944506439552883,0.13909711828248134,16,0.3625798099675809,0.18748947809963523,0.27838451625061933,0.3856692508653293,0.24197241263949903,0.28997702268985315,0.32184928535200763,0.46477826510721254,0.33703580908907227,0.1614973853139771,0.5041964153511321,0.21126010328908879,0.2574188122790543,0.32841371591371593,0.20580944710825866,0.15630875905659702,0.30085682924626356,0.37200247293869837,0.21106291679809652,0.545874060150376,0.40790006060903894,0.2414188474585568,0.33353855099654994,0.22038573649082766,0.16785912555641552,0.2998215635446983,0.10417103864559062,11,0.8518518518518519,0.6279461279461279,0.7693602693602694,0.8080808080808081,0.794776119402985,0.7760942760942761,0.7777777777777777,0.8703703703703703,0.7710437710437711,0.6511194029850746,0.8265993265993266,0.7205387205387205,0.7727272727272727,0.7474747474747475,0.6940298507462687,0.5824915824915825,0.7457912457912458,0.8535353535353536,0.6666666666666666,0.8955223880597014,0.8114478114478114,0.7575757575757576,0.835016835016835,0.6902356902356903,0.6436567164179104,0.7576692296095281,0.07974100104199938,4
0.6458600234985351,0.12884878074741155,0.19422853469848633,0.0521276283215063,0.2,5,300,5,8,0.3,16,balanced,True,"{'sampler__sampling_strategy': 0.2, 'sampler__k_neighbors': 5, 'rf__n_estimators': 300, 'rf__min_samples_split': 5, 'rf__min_samples_leaf': 8, 'rf__max_features': 0.3, 'rf__max_depth': 16, 'rf__class_weight': 'balanced', 'rf__bootstrap': True}",0.25,0.1111111111111111,0.26666666666666666,0.25,0.33333333333333326,0.4210526315789474,0.4761904761904762,0.4,0.3157894736842105,0.0,0.13333333333333333,0.125,0.19999999999999998,0.5333333333333333,0.1904761904761905,0.09999999999999999,0.3157894736842105,0.3333333333333333,0.1111111111111111,0.3157894736842105,0.47058823529411764,0.125,0.39999999999999997,0.19999999999999998,0.0,0.25511592707258346,0.14426914250892733,10,0.37471055585090673,0.17208492787919966,0.2804824885042129,0.3380811001863634,0.29628245528980823,0.29822444477616894,0.4069176169635503,0.3888888888888889,0.32423891694725027,0.18000494875494877,0.2863435419356472,0.20771402605744205,0.24895377621366324,0.37094017094017095,0.21612129700364996,0.17402472968510702,0.3035727646838758,0.3664674765033188,0.21332816228643064,0.3597015961557037,0.43587040550987416,0.23266237769161746,0.41355683269476373,0.1963517316857974,0.16977045103179403,0.29021182736480616,0.08344160442189645,19,0.7659932659932659,0.6077441077441077,0.7861952861952862,0.8013468013468013,0.8134328358208955,0.7794612794612794,0.7828282828282828,0.8417508417508417,0.7962962962962964,0.6473880597014925,0.8181818181818181,0.6952861952861953,0.7407407407407407,0.6919191919191918,0.7537313432835822,0.6481481481481481,0.6902356902356902,0.8468013468013469,0.6784511784511785,0.8656716417910448,0.803030303030303,0.7222222222222221,0.8535353535353536,0.6936026936026936,0.6623134328358209,0.7514523342881552,0.07198615357451987,14
0.36587748527526853,0.10636527777839987,0.13358738899230957,0.05571329363483028,0.2,5,200,10,3,sqrt,16,balanced,True,"{'sampler__sampling_strategy': 0.2, 'sampler__k_neighbors': 5, 'rf__n_estimators': 200, 'rf__min_samples_split': 10, 'rf__min_samples_leaf': 3, 'rf__max_features': 'sqrt', 'rf__max_depth': 16, 'rf__class_weight': 'balanced', 'rf__bootstrap': True}",0.26666666666666666,0.0,0.0,0.375,0.23529411764705882,0.23529411764705882,0.35294117647058826,0.42857142857142855,0.35294117647058826,0.0,0.375,0.125,0.2222222222222222,0.4,0.33333333333333326,0.0,0.0,0.30769230769230765,0.13333333333333333,0.15384615384615385,0.5,0.0,0.2857142857142857,0.25,0.0,0.21331401278460102,0.15807554196692328,17,0.3819079685746352,0.19035216780314818,0.2511490125215615,0.45025990903183877,0.264527417027417,0.27611582123466677,0.3234618967520061,0.4836109634355248,0.37062393825980783,0.19315272192108177,0.32128026294692963,0.18418043703947562,0.269561778199652,0.40030039556183344,0.2732598039215686,0.15600694320140568,0.2303587123709075,0.4945556322367916,0.2274297386155319,0.3832318722943723,0.4988235801961292,0.21027928663702883,0.3688742261322907,0.2204785351524482,0.20056933806933808,0.30497409436549566,0.10301585763632738,8,0.8080808080808081,0.632996632996633,0.7744107744107744,0.8097643097643097,0.8041044776119403,0.765993265993266,0.7727272727272727,0.877104377104377,0.765993265993266,0.6884328358208955,0.8164983164983165,0.6784511784511784,0.7188552188552189,0.7777777777777778,0.7593283582089552,0.5892255892255892,0.7239057239057239,0.8602693602693603,0.6784511784511784,0.8955223880597014,0.8249158249158248,0.7104377104377104,0.8434343434343434,0.6885521885521886,0.6884328358208955,0.7581466405347002,0.07571036370972492,3
0.9026399803161621,0.22526410028661917,0.4133085823059082,0.15219077712054643,0.2,5,400,5,5,0.3,8,balanced,True,"{'sampler__sampling_strategy': 0.2, 'sampler__k_neighbors': 5, 'rf__n_estimators': 400, 'rf__min_samples_split': 5, 'rf__min_samples_leaf': 5, 'rf__max_features': 0.3, 'rf__max_depth': 8, 'rf__class_weight': 'balanced', 'rf__bootstrap': True}",0.13333333333333333,0.125,0.0,0.2857142857142857,0.375,0.26666666666666666,0.35294117647058826,0.0,0.2857142857142857,0.16666666666666666,0.14285714285714285,0.13333333333333333,0.2222222222222222,0.42857142857142855,0.23529411764705882,0.125,0.2222222222222222,0.2857142857142857,0.125,0.14285714285714288,0.5333333333333333,0.125,0.5,0.0,0.0,0.20849766573295983,0.14605696923257303,19,0.36535948816090663,0.1752152477152477,0.2574352476919725,0.36307267210171024,0.29556834097275275,0.2959376489098542,0.42894270338714785,0.36969001202013374,0.328023891211747,0.18896154257595207,0.25292080106120457,0.23648007743536195,0.25631950631950634,0.3401824796861168,0.22241389426744118,0.17125952468669725,0.23086380042004395,0.34897999090376586,0.20121539547651457,0.4179411597174755,0.45358796296296294,0.2282355194152616,0.3793512799231753,0.19179553710985545,0.18732639243735594,0.2874832046628065,0.0846178962316891,20,0.7609427609427609,0.632996632996633,0.7794612794612795,0.8063973063973063,0.7966417910447762,0.7727272727272727,0.8063973063973064,0.8535353535353536,0.8013468013468014,0.6399253731343284,0.7794612794612794,0.7087542087542087,0.7542087542087542,0.7104377104377104,0.755597014925373,0.6363636363636365,0.6902356902356902,0.8400673400673402,0.6464646464646464,0.8619402985074627,0.7878787878787878,0.7306397306397305,0.835016835016835,0.6885521885521886,0.6772388059701493,0.7501291522187042,0.0690915610374772,17
0.8184742832183838,0.13738862598819798,0.33569768905639646,0.19369012651022405,0.2,3,300,10,8,0.5,8,balanced,True,"{'sampler__sampling_strategy': 0.2, 'sampler__k_neighbors': 3, 'rf__n_estimators': 300, 'rf__min_samples_split': 10, 'rf__min_samples_leaf': 8, 'rf__max_features': 0.5, 'rf__max_depth': 8, 'rf__class_weight': 'balanced', 'rf__bootstrap': True}",0.3333333333333333,0.0,0.11764705882352941,0.2222222222222222,0.4444444444444445,0.39999999999999997,0.28571428571428575,0.26666666666666666,0.26666666666666666,0.11764705882352941,0.2105263157894737,0.10526315789473685,0.19999999999999998,0.4,0.22222222222222224,0.11764705882352941,0.19999999999999998,0.19999999999999998,0.2222222222222222,0.35294117647058826,0.4444444444444444,0.125,0.3636363636363637,0.2105263157894737,0.125,0.2381508405595093,0.11481718573525473,14,0.40654006838383816,0.18169947686753457,0.2402626937714657,0.27841261486422775,0.325666010331258,0.32090211563552623,0.3351055310134594,0.36083704259658855,0.435938531484088,0.18541715154618382,0.37249284677157424,0.2082913228746562,0.2286792926047312,0.4154791272617808,0.21200195265092964,0.18734986850123148,0.275400405038173,0.30794148603288396,0.20319858064956106,0.35071044546851,0.5123419039361068,0.24013587057065316,0.38547448201897416,0.20938388341489117,0.16184536416391254,0.2936603227381096,0.09261137915966353,15,0.8367003367003366,0.6212121212121211,0.7744107744107744,0.7845117845117845,0.832089552238806,0.7659932659932659,0.7323232323232323,0.8249158249158248,0.7727272727272727,0.6623134328358209,0.803030303030303,0.7138047138047138,0.7373737373737373,0.6818181818181819,0.7164179104477612,0.67003367003367,0.6599326599326599,0.8164983164983166,0.67003367003367,0.8526119402985075,0.7676767676767676,0.7255892255892256,0.835016835016835,0.7037037037037037,0.6194029850746269,0.7432056887280767,0.06902374219949305,24
0.5205162715911865,0.13831676686666386,0.2984202766418457,0.12285719904956867,0.2,5,200,15,3,0.5,12,balanced,True,"{'sampler__sampling_strategy': 0.2, 'sampler__k_neighbors': 5, 'rf__n_estimators': 200, 'rf__min_samples_split': 15, 'rf__min_samples_leaf': 3, 'rf__max_features': 0.5, 'rf__max_depth': 12, 'rf__class_weight': 'balanced', 'rf__bootstrap': True}",0.13333333333333333,0.0,0.0,0.25,0.4444444444444445,0.375,0.35294117647058826,0.0,0.4,0.16666666666666666,0.15384615384615383,0.14285714285714285,0.2222222222222222,0.30769230769230765,0.23529411764705882,0.1111111111111111,0.2222222222222222,0.14285714285714285,0.125,0.39999999999999997,0.5,0.13333333333333333,0.4444444444444444,0.0,0.0,0.21053063276592687,0.1535275619768128,18,0.296055796055796,0.16926774536593658,0.2055440202499026,0.33531356987239336,0.3188087960409389,0.2685579689965655,0.31534762429923724,0.3393821556865035,0.4063874034462269,0.213156635031635,0.2408847327104981,0.21090727827726974,0.24558713053576484,0.3845294955589073,0.22574286094022936,0.1869312517831355,0.19169352250062843,0.3413730905110215,0.2266726568727533,0.3910086888917534,0.5022156293819797,0.23095941421907937,0.32044163710830376,0.17604314160153886,0.19232408673198148,0.2774054533067992,0.08401782432521734,23,0.7306397306397306,0.6178451178451179,0.7154882154882155,0.8198653198653199,0.8059701492537313,0.7070707070707072,0.7643097643097643,0.8265993265993266,0.8097643097643098,0.6343283582089552,0.7676767676767677,0.7138047138047138,0.7205387205387206,0.7457912457912458,0.7388059701492536,0.6717171717171717,0.6481481481481481,0.8265993265993267,0.6683501683501685,0.8694029850746269,0.7845117845117845,0.7205387205387206,0.8063973063973063,0.6582491582491582,0.6735074626865671,0.7378368259711542,0.06742364258757903,25
0.43570733070373535,0.10475774727701384,0.12254888534545899,0.02171121647104182,0.2,3,300,5,8,sqrt,5,balanced,True,"{'sampler__sampling_strategy': 0.2, 'sampler__k_neighbors': 3, 'rf__n_estimators': 300, 'rf__min_samples_split': 5, 'rf__min_samples_leaf': 8, 'rf__max_features': 'sqrt', 'rf__max_depth': 5, 'rf__class_weight': 'balanced', 'rf__bootstrap': True}",0.4444444444444444,0.17391304347826086,0.125,0.380952380952381,0.3157894736842105,0.4545454545454546,0.3157894736842105,0.5263157894736842,0.39999999999999997,0.13333333333333333,0.3636363636363637,0.10526315789473685,0.3636363636363637,0.35294117647058826,0.26086956521739135,0.24000000000000005,0.23076923076923078,0.4166666666666667,0.1111111111111111,0.36363636363636365,0.5217391304347826,0.3157894736842105,0.380952380952381,0.28571428571428575,0.0,0.3033123465368182,0.1334629148446838,1,0.3788932898063251,0.16346327117292253,0.26071887914748293,0.3396011396011396,0.27132621255166833,0.2945052501656275,0.3007929562663604,0.4617238365604379,0.42837976293858643,0.18673561270600744,0.4990834613415258,0.1901021092197563,0.26393230226563563,0.3417981210046368,0.260323125029555,0.17219248635852258,0.34079335871740635,0.3343741649297205,0.20657865408656048,0.4211202722715881,0.6433388239992013,0.24857206012378427,0.39798072298072296,0.3088116289840428,0.15362786583602533,0.3147507747226097,0.11478623446767355,4,0.8518518518518519,0.5909090909090909,0.787878787878788,0.7760942760942761,0.8246268656716418,0.7542087542087542,0.7205387205387206,0.8552188552188552,0.7996632996632996,0.6940298507462687,0.8501683501683502,0.6868686868686869,0.7676767676767677,0.7154882154882154,0.7220149253731343,0.6111111111111112,0.7053872053872053,0.8265993265993266,0.6683501683501684,0.8936567164179106,0.8265993265993267,0.7474747474747474,0.8484848484848485,0.6835016835016836,0.6175373134328358,0.7530375898286347,0.082217513836156,11
0.4264985179901123,0.08101776242797139,0.17193049430847168,0.06536098411028912,0.2,3,300,10,8,sqrt,12,balanced,True,"{'sampler__sampling_strategy': 0.2, 'sampler__k_neighbors': 3, 'rf__n_estimators': 300, 'rf__min_samples_split': 10, 'rf__min_samples_leaf': 8, 'rf__max_features': 'sqrt', 'rf__max_depth': 12, 'rf__class_weight': 'balanced', 'rf__bootstrap': True}",0.35294117647058826,0.17391304347826086,0.125,0.3,0.3157894736842105,0.4545454545454546,0.3157894736842105,0.5263157894736842,0.4210526315789474,0.125,0.34782608695652173,0.10526315789473685,0.43478260869565216,0.35294117647058826,0.25,0.2608695652173913,0.23076923076923078,0.4800000000000001,0.11764705882352941,0.4,0.4545454545454546,0.3157894736842105,0.3636363636363637,0.28571428571428575,0.0,0.30040526021293285,0.131794525299143,2,0.37336236504415576,0.1658662483616356,0.2471085263164309,0.32938743648572233,0.2686373635422548,0.2904725390019508,0.30112581146515394,0.4582653360431138,0.3333198051948052,0.19444347780197996,0.5035587098087098,0.18578093987391842,0.2568853622775191,0.4366094920056669,0.28910256410256413,0.1777806177805319,0.3422812422812423,0.34185236060236057,0.20764797064261759,0.4792343073593074,0.636411052258856,0.2474289859312901,0.39080154240000786,0.30960600300942426,0.14954419311794726,0.3166605701083666,0.11655634417794962,2,0.8518518518518519,0.5942760942760943,0.7727272727272727,0.7643097643097643,0.8246268656716418,0.7626262626262627,0.7188552188552189,0.8569023569023568,0.7912457912457913,0.6921641791044776,0.8468013468013468,0.6835016835016835,0.755892255892256,0.7272727272727273,0.7276119402985075,0.611111111111111,0.7138047138047138,0.8333333333333333,0.6666666666666666,0.8917910447761195,0.8181818181818181,0.7457912457912458,0.8434343434343434,0.6750841750841751,0.6138059701492538,0.7513468013468014,0.08135577239101247,15
0.44650434494018554,0.09232181225452292,0.17124684333801268,0.05661087791027945,0.3,5,200,10,5,0.3,16,balanced,True,"{'sampler__sampling_strategy': 0.3, 'sampler__k_neighbors': 5, 'rf__n_estimators': 200, 'rf__min_samples_split': 10, 'rf__min_samples_leaf': 5, 'rf__max_features': 0.3, 'rf__max_depth': 16, 'rf__class_weight': 'balanced', 'rf__bootstrap': True}",0.13333333333333333,0.11764705882352941,0.0,0.2857142857142857,0.26666666666666666,0.125,0.3157894736842105,0.13333333333333333,0.35294117647058826,0.125,0.13333333333333333,0.125,0.23529411764705882,0.42857142857142855,0.0,0.14285714285714285,0.2222222222222222,0.26666666666666666,0.2222222222222222,0.15384615384615385,0.2857142857142857,0.14285714285714285,0.25,0.1111111111111111,0.125,0.1880048462029886,0.1005861761581244,22,0.38364559640209434,0.17069616061347542,0.23232329313983607,0.40939718154646887,0.3073705791625621,0.2377668001994964,0.278470604588617,0.34243386069899284,0.40486704653371314,0.19696437043472365,0.2889655817433595,0.2194713314890418,0.24913294435033567,0.3860077732281368,0.1745842020298542,0.18256404478393273,0.20008280286058064,0.32841799334857635,0.23339182556573856,0.38722041847041844,0.3856589265943171,0.2061632593985535,0.33874000383288316,0.17912341391023562,0.1833019430890636,0.2762704783206003,0.0821733677678071,24,0.7962962962962963,0.6094276094276094,0.7643097643097643,0.8417508417508417,0.8041044776119403,0.7306397306397306,0.7626262626262627,0.8451178451178452,0.7895622895622895,0.6753731343283582,0.7828282828282828,0.7323232323232323,0.7340067340067339,0.7525252525252526,0.6977611940298507,0.6582491582491583,0.6750841750841751,0.8265993265993267,0.6683501683501684,0.8880597014925373,0.7946127946127947,0.7104377104377104,0.82996632996633,0.6734006734006734,0.667910447761194,0.7484529373335342,0.07004943155982385,19
0.4957855606079102,0.10657770057021997,0.16364645957946777,0.0781430440532996,0.2,3,300,5,8,sqrt,12,balanced,True,"{'sampler__sampling_strategy': 0.2, 'sampler__k_neighbors': 3, 'rf__n_estimators': 300, 'rf__min_samples_split': 5, 'rf__min_samples_leaf': 8, 'rf__max_features': 'sqrt', 'rf__max_depth': 12, 'rf__class_weight': 'balanced', 'rf__bootstrap': True}",0.35294117647058826,0.17391304347826086,0.125,0.3,0.3157894736842105,0.4545454545454546,0.3157894736842105,0.5263157894736842,0.4210526315789474,0.125,0.34782608695652173,0.10526315789473685,0.43478260869565216,0.35294117647058826,0.25,0.2608695652173913,0.23076923076923078,0.4800000000000001,0.11764705882352941,0.4,0.4545454545454546,0.3157894736842105,0.3636363636363637,0.28571428571428575,0.0,0.30040526021293285,0.131794525299143,2,0.37336236504415576,0.1658662483616356,0.2471085263164309,0.32938743648572233,0.2686373635422548,0.2904725390019508,0.30112581146515394,0.4582653360431138,0.3333198051948052,0.19444347780197996,0.5035587098087098,0.18578093987391842,0.2568853622775191,0.4366094920056669,0.28910256410256413,0.1777806177805319,0.3422812422812423,0.34185236060236057,0.20764797064261759,0.4792343073593074,0.636411052258856,0.2474289859312901,0.39080154240000786,0.30960600300942426,0.14954419311794726,0.3166605701083666,0.11655634417794962,2,0.8518518518518519,0.5942760942760943,0.7727272727272727,0.7643097643097643,0.8246268656716418,0.7626262626262627,0.7188552188552189,0.8569023569023568,0.7912457912457913,0.6921641791044776,0.8468013468013468,0.6835016835016835,0.755892255892256,0.7272727272727273,0.7276119402985075,0.611111111111111,0.7138047138047138,0.8333333333333333,0.6666666666666666,0.8917910447761195,0.8181818181818181,0.7457912457912458,0.8434343434343434,0.6750841750841751,0.6138059701492538,0.7513468013468014,0.08135577239101247,15
0.6403911590576172,0.11423294647201039,0.3065432834625244,0.1281176959905887,0.2,5,300,15,3,0.3,8,balanced,True,"{'sampler__sampling_strategy': 0.2, 'sampler__k_neighbors': 5, 'rf__n_estimators': 300, 'rf__min_samples_split': 15, 'rf__min_samples_leaf': 3, 'rf__max_features': 0.3, 'rf__max_depth': 8, 'rf__class_weight': 'balanced', 'rf__bootstrap': True}",0.13333333333333333,0.0,0.0,0.2857142857142857,0.4,0.47058823529411764,0.375,0.15384615384615383,0.15384615384615383,0.15384615384615385,0.15384615384615383,0.14285714285714285,0.2222222222222222,0.4,0.2105263157894737,0.11764705882352941,0.2222222222222222,0.15384615384615383,0.13333333333333333,0.28571428571428575,0.47058823529411764,0.0,0.5,0.0,0.0,0.2055590975931533,0.15383989361797415,21,0.3091772425105759,0.1714829100167446,0.21973527535554643,0.36490859501695416,0.3145979225023343,0.28179926442121567,0.4002236887805648,0.3871813371813372,0.3657824289702848,0.22825838903018475,0.23595132725567508,0.24362441569463913,0.24747006568523727,0.3489454286237912,0.2075886943406125,0.19711823194606554,0.2169274579890779,0.3225192803173421,0.19911772503546055,0.36311161426293004,0.5684836493185639,0.23411694367057756,0.3671139941254884,0.18568255264556677,0.18519919820323044,0.286644705316,0.09181846282421868,21,0.7760942760942761,0.6296296296296297,0.7356902356902356,0.8249158249158249,0.8022388059701493,0.7356902356902357,0.7811447811447811,0.8501683501683501,0.8047138047138047,0.6585820895522387,0.7575757575757576,0.7188552188552189,0.7356902356902357,0.7272727272727273,0.7425373134328359,0.6835016835016835,0.6750841750841751,0.8232323232323233,0.6430976430976431,0.8563432835820897,0.7962962962962963,0.7424242424242424,0.8181818181818181,0.6767676767676767,0.664179104477612,0.7463963013216744,0.06495139115218142,21
0.7537515163421631,0.18642279130971287,0.3086544990539551,0.1617764570514855,0.2,3,300,15,8,0.5,12,balanced,True,"{'sampler__sampling_strategy': 0.2, 'sampler__k_neighbors': 3, 'rf__n_estimators': 300, 'rf__min_samples_split': 15, 'rf__min_samples_leaf': 8, 'rf__max_features': 0.5, 'rf__max_depth': 12, 'rf__class_weight': 'balanced', 'rf__bootstrap': True}",0.3333333333333333,0.0,0.11764705882352941,0.2222222222222222,0.4444444444444445,0.4210526315789474,0.28571428571428575,0.26666666666666666,0.26666666666666666,0.11764705882352941,0.2105263157894737,0.10526315789473685,0.19999999999999998,0.4,0.22222222222222224,0.11764705882352941,0.19999999999999998,0.19999999999999998,0.2222222222222222,0.35294117647058826,0.4444444444444444,0.125,0.3636363636363637,0.2105263157894737,0.125,0.2389929458226672,0.11607150205261729,13,0.40654006838383816,0.1813397276641221,0.2402626937714657,0.27841261486422775,0.325666010331258,0.32132728570355346,0.3351055310134594,0.36083704259658855,0.435938531484088,0.18750048487951715,0.37249284677157424,0.2082913228746562,0.22831008246447573,0.4154791272617808,0.21200195265092964,0.18734986850123148,0.27752846973933715,0.30794148603288396,0.20319858064956106,0.35071044546851,0.5111453227395256,0.24013587057065316,0.38547448201897416,0.20526002784176023,0.16280719786570572,0.2936422829657471,0.0925184332305021,16,0.8367003367003366,0.6195286195286195,0.7744107744107744,0.7845117845117845,0.832089552238806,0.7676767676767676,0.7323232323232323,0.8249158249158248,0.7727272727272727,0.664179104477612,0.803030303030303,0.7138047138047138,0.739057239057239,0.6818181818181819,0.7164179104477612,0.67003367003367,0.664983164983165,0.8164983164983166,0.67003367003367,0.8526119402985075,0.7659932659932659,0.7255892255892256,0.835016835016835,0.6986531986531986,0.6231343283582089,0.7434295693250915,0.06867401432200392,23
0.5969411945343017,0.0912405655311754,0.1301692867279053,0.016851904727473267,0.2,3,400,5,5,sqrt,5,balanced,True,"{'sampler__sampling_strategy': 0.2, 'sampler__k_neighbors': 3, 'rf__n_estimators': 400, 'rf__min_samples_split': 5, 'rf__min_samples_leaf': 5, 'rf__max_features': 'sqrt', 'rf__max_depth': 5, 'rf__class_weight': 'balanced', 'rf__bootstrap': True}",0.375,0.10526315789473685,0.11764705882352941,0.3333333333333333,0.25,0.4761904761904762,0.23529411764705882,0.4,0.3333333333333333,0.16666666666666666,0.39999999999999997,0.1111111111111111,0.19999999999999998,0.4,0.2857142857142857,0.2105263157894737,0.27272727272727276,0.3157894736842105,0.11764705882352941,0.4,0.5,0.3333333333333333,0.39999999999999997,0.2222222222222222,0.125,0.2834719686917829,0.11723828806776866,7,0.39005602240896353,0.16764916226990528,0.22873146193343238,0.3563234077750207,0.2647158455185363,0.27331778933894685,0.2943346785080482,0.44277915508476706,0.42828738512949033,0.22121561753328023,0.4802958592005245,0.2171394201474662,0.26842346845270826,0.3352985326103606,0.22717008868324656,0.17450828275610356,0.28700150180035233,0.3141828606740888,0.20943012149908702,0.3877379533829342,0.5868142578668895,0.262540962740042,0.40007183637618426,0.3027904284148858,0.1762259666413301,0.30788168266986377,0.10301679545458782,7,0.8569023569023568,0.5993265993265994,0.7424242424242424,0.7895622895622896,0.8246268656716418,0.7474747474747475,0.7424242424242424,0.867003367003367,0.7912457912457912,0.6902985074626866,0.8383838383838383,0.7037037037037037,0.7676767676767677,0.7407407407407407,0.7220149253731344,0.6026936026936027,0.7070707070707071,0.8198653198653199,0.6632996632996633,0.8787313432835822,0.8215488215488216,0.7626262626262625,0.8501683501683501,0.6986531986531986,0.6361940298507462,0.7545864113774562,0.07857850025274439,7
0.43415905952453615,0.06139470175127455,0.11301856994628906,0.01800102731371702,0.3,3,300,15,5,sqrt,5,balanced,True,"{'sampler__sampling_strategy': 0.3, 'sampler__k_neighbors': 3, 'rf__n_estimators': 300, 'rf__min_samples_split': 15, 'rf__min_samples_leaf': 5, 'rf__max_features': 'sqrt', 'rf__max_depth': 5, 'rf__class_weight': 'balanced', 'rf__bootstrap': True}",0.26666666666666666,0.1111111111111111,0.2857142857142857,0.26666666666666666,0.0,0.25,0.2857142857142857,0.42857142857142855,0.23529411764705882,0.15384615384615385,0.47058823529411764,0.11764705882352941,0.2222222222222222,0.4,0.3,0.09523809523809525,0.3333333333333333,0.25,0.14285714285714285,0.39999999999999997,0.4444444444444444,0.13333333333333333,0.3,0.13333333333333333,0.0,0.24106327659268836,0.12823476551509513,12,0.3393885829509953,0.19420770137948312,0.2931913789850972,0.3881853443598299,0.2489264208014208,0.29683457428555465,0.2962103109952572,0.46556696752775184,0.38828328117945604,0.16821207877717184,0.5193389296837572,0.2120609969586486,0.26915289903795653,0.367383727315158,0.19986939331086337,0.15919502282105294,0.2527872401917393,0.35476710390503496,0.21664965419508425,0.4565476190476191,0.47220931733126853,0.24703172021049585,0.3515854315854316,0.25746524430734957,0.154742726206542,0.30279174669400083,0.1022703498357955,10,0.8350168350168351,0.6397306397306397,0.7845117845117845,0.797979797979798,0.7985074626865671,0.7693602693602694,0.7676767676767677,0.872053872053872,0.765993265993266,0.6492537313432836,0.8367003367003366,0.7171717171717172,0.7794612794612794,0.7441077441077442,0.6940298507462687,0.5757575757575757,0.7491582491582491,0.8400673400673402,0.6767676767676767,0.8805970149253731,0.7861952861952862,0.7676767676767676,0.8299663299663299,0.7171717171717171,0.6194029850746269,0.7557726518920549,0.07747580029616742,6
0.5560244274139404,0.07219973037289389,0.13103385925292968,0.011164723940084177,0.3,5,400,5,8,sqrt,12,balanced,True,"{'sampler__sampling_strategy': 0.3, 'sampler__k_neighbors': 5, 'rf__n_estimators': 400, 'rf__min_samples_split': 5, 'rf__min_samples_leaf': 8, 'rf__max_features': 'sqrt', 'rf__max_depth': 12, 'rf__class_weight': 'balanced', 'rf__bootstrap': True}",0.35294117647058826,0.32,0.23529411764705882,0.35294117647058826,0.25,0.3333333333333333,0.3,0.4210526315789474,0.23529411764705882,0.26666666666666666,0.4210526315789474,0.1111111111111111,0.380952380952381,0.4,0.26086956521739135,0.19999999999999998,0.3157894736842105,0.4545454545454546,0.11764705882352941,0.4444444444444445,0.4800000000000001,0.23529411764705882,0.3157894736842105,0.2222222222222222,0.0,0.2970896461490081,0.11368317669014966,4,0.36249674972496226,0.17474109618104555,0.2726440299728359,0.3458942836393817,0.25475234363991484,0.2934961975811649,0.3886240902980577,0.4289727338746947,0.31739721954999733,0.19548951066275566,0.4340159782161267,0.22790173516780787,0.30162737599802747,0.3462035817108281,0.20899122159202804,0.1613965148073094,0.34812178438917707,0.4526491769547325,0.23702956687346846,0.4973889573431907,0.5349209432542765,0.22459426307096889,0.3592558406530677,0.22660989803846948,0.15218238052796876,0.3098958989488903,0.10406936636227995,5,0.835016835016835,0.601010101010101,0.7845117845117846,0.771043771043771,0.8041044776119404,0.7878787878787878,0.7929292929292929,0.8771043771043769,0.7457912457912458,0.6585820895522387,0.8080808080808081,0.7255892255892256,0.7777777777777778,0.7356902356902356,0.7313432835820896,0.5942760942760942,0.7558922558922558,0.8501683501683501,0.7070707070707071,0.8824626865671642,0.8131313131313131,0.7205387205387206,0.8400673400673402,0.6885521885521886,0.6138059701492538,0.756096788783356,0.07878010726853318,5
0.3246792888641357,0.0535511891756595,0.09705403327941894,0.011510716137937064,0.3,3,200,15,3,sqrt,12,balanced,True,"{'sampler__sampling_strategy': 0.3, 'sampler__k_neighbors': 3, 'rf__n_estimators': 200, 'rf__min_samples_split': 15, 'rf__min_samples_leaf': 3, 'rf__max_features': 'sqrt', 'rf__max_depth': 12, 'rf__class_weight': 'balanced', 'rf__bootstrap': True}",0.14285714285714285,0.0,0.0,0.30769230769230765,0.0,0.0,0.2857142857142857,0.3333333333333333,0.26666666666666666,0.0,0.42857142857142855,0.14285714285714285,0.13333333333333333,0.16666666666666666,0.0,0.0,0.14285714285714285,0.16666666666666666,0.15384615384615383,0.3076923076923077,0.1818181818181818,0.0,0.16666666666666666,0.15384615384615383,0.0,0.13924342324342323,0.12568053380484467,24,0.38128402729852007,0.17249019344459957,0.27132864334489537,0.3466625203881576,0.2527107554281467,0.2738047443929797,0.3209591980955875,0.4784172962114138,0.38334071759638383,0.17823818470877295,0.5047130582218301,0.22002812002812006,0.27843706213271435,0.3446329950210363,0.1834846571751096,0.17007443307752904,0.2732018983216301,0.34825585936697045,0.18565808186318922,0.5132996632996634,0.39329826990192673,0.2417884965973538,0.332607735401853,0.23155998795152902,0.1732281989041951,0.29814019192696434,0.10188042214954407,13,0.8636363636363636,0.6077441077441078,0.7508417508417509,0.7542087542087542,0.7817164179104478,0.7643097643097643,0.7542087542087541,0.8838383838383839,0.7794612794612794,0.6791044776119403,0.82996632996633,0.7205387205387206,0.7861952861952862,0.7474747474747475,0.6921641791044777,0.5993265993265993,0.7255892255892256,0.8434343434343434,0.6144781144781145,0.8973880597014926,0.797979797979798,0.7626262626262627,0.8232323232323232,0.6818181818181819,0.6548507462686567,0.7518453188602442,0.08091647972792955,13
0.3002299690246582,0.044174206114147276,0.0896144962310791,0.0052748650932935,0.3,5,200,5,5,sqrt,8,balanced,True,"{'sampler__sampling_strategy': 0.3, 'sampler__k_neighbors': 5, 'rf__n_estimators': 200, 'rf__min_samples_split': 5, 'rf__min_samples_leaf': 5, 'rf__max_features': 'sqrt', 'rf__max_depth': 8, 'rf__class_weight': 'balanced', 'rf__bootstrap': True}",0.26666666666666666,0.09999999999999999,0.14285714285714285,0.2857142857142857,0.22222222222222224,0.125,0.25,0.30769230769230765,0.23529411764705882,0.16666666666666666,0.25,0.13333333333333333,0.380952380952381,0.2857142857142857,0.2105263157894737,0.0,0.26666666666666666,0.4444444444444444,0.16666666666666666,0.5,0.35294117647058826,0.0,0.25,0.14285714285714285,0.0,0.21944863289445332,0.12486546435718127,15,0.34745025070102464,0.16230569673192624,0.24758191775735636,0.41753234627184205,0.26934021895978416,0.26700534354799327,0.3792234181558495,0.41089466089466087,0.26584209566060746,0.1916955523301655,0.36007166250573963,0.2513342830009496,0.300885061440617,0.36256015987198786,0.20678443279018183,0.15562562619846526,0.28532875525629153,0.49892473118279573,0.22716672127300147,0.6016219526087947,0.43457172855022314,0.21787161640102817,0.37647483235718526,0.20816145507183242,0.14827645500279774,0.303781238980924,0.1110969566346973,9,0.835016835016835,0.5808080808080808,0.7609427609427609,0.803030303030303,0.7966417910447761,0.744107744107744,0.8131313131313131,0.8636363636363636,0.7373737373737373,0.6828358208955224,0.7845117845117845,0.7693602693602694,0.7912457912457912,0.7525252525252525,0.7276119402985075,0.5841750841750841,0.7508417508417509,0.8636363636363638,0.6683501683501684,0.8805970149253732,0.803030303030303,0.7121212121212122,0.8468013468013469,0.6936026936026936,0.6044776119402985,0.7540165334941453,0.08198672338931536,8
0.4315250015258789,0.04920398545064106,0.11372225761413574,0.021610087986974377,0.3,3,300,15,8,sqrt,8,balanced,True,"{'sampler__sampling_strategy': 0.3, 'sampler__k_neighbors': 3, 'rf__n_estimators': 300, 'rf__min_samples_split': 15, 'rf__min_samples_leaf': 8, 'rf__max_features': 'sqrt', 'rf__max_depth': 8, 'rf__class_weight': 'balanced', 'rf__bootstrap': True}",0.25,0.4166666666666667,0.25,0.2222222222222222,0.2,0.39999999999999997,0.3157894736842105,0.375,0.25,0.125,0.380952380952381,0.1111111111111111,0.4545454545454546,0.35294117647058826,0.26086956521739135,0.17391304347826086,0.27272727272727276,0.4166666666666667,0.13333333333333333,0.375,0.4545454545454546,0.23529411764705882,0.380952380952381,0.13333333333333333,0.0,0.2776345461421515,0.11960984001800673,9,0.4260196999232087,0.21323491922809912,0.2498230683915802,0.36110509860509865,0.22889760921090846,0.2759929204666047,0.2972864938382179,0.484675636636421,0.31844493197434376,0.16459564687118866,0.47240019756526075,0.2105447009721763,0.2601754567271809,0.3367909492547173,0.19903273809523808,0.15869370597138294,0.25020190087940763,0.343729074121231,0.21859335723279605,0.40840097402597403,0.4705139510695066,0.2574857639373768,0.3390071433833866,0.23078872460514974,0.1436055674477888,0.2928016092173698,0.09839370343341008,18,0.8468013468013467,0.6498316498316499,0.7693602693602694,0.7861952861952861,0.7742537313432836,0.7542087542087542,0.7558922558922558,0.8771043771043772,0.7508417508417508,0.6548507462686567,0.8198653198653199,0.7003367003367003,0.7777777777777778,0.7356902356902356,0.6865671641791045,0.5942760942760943,0.7390572390572391,0.835016835016835,0.6750841750841751,0.8675373134328358,0.7828282828282829,0.771043771043771,0.835016835016835,0.7037037037037037,0.6007462686567164,0.7497555153525304,0.07575723866729314,18
0.4599757766723633,0.06130297680802538,0.11969388008117676,0.011750110769189756,0.3,3,300,5,3,sqrt,16,balanced,True,"{'sampler__sampling_strategy': 0.3, 'sampler__k_neighbors': 3, 'rf__n_estimators': 300, 'rf__min_samples_split': 5, 'rf__min_samples_leaf': 3, 'rf__max_features': 'sqrt', 'rf__max_depth': 16, 'rf__class_weight': 'balanced', 'rf__bootstrap': True}",0.15384615384615383,0.0,0.0,0.30769230769230765,0.0,0.0,0.2857142857142857,0.1818181818181818,0.30769230769230765,0.0,0.30769230769230765,0.15384615384615383,0.0,0.16666666666666666,0.0,0.0,0.16666666666666666,0.16666666666666666,0.16666666666666666,0.4,0.16666666666666666,0.0,0.0,0.0,0.0,0.11726540126540125,0.1266745407075874,25,0.32880895695541,0.19094728271377653,0.2664691307622164,0.3701606688120318,0.27395285087719295,0.2808005486576915,0.3046826593885417,0.45667887667887674,0.4053917378917379,0.14785318543923048,0.42657792312964726,0.23082695117799482,0.2778591778591779,0.32088266001309484,0.18932762639659192,0.1536948304085401,0.28618390569610086,0.36611726396209154,0.19382949194918211,0.5721235463882522,0.4124098124098124,0.23375061303982872,0.37987756562635794,0.2239331092480332,0.16528731356435744,0.2983371075618308,0.10415086984132141,12,0.8148148148148148,0.6279461279461279,0.7609427609427608,0.7861952861952862,0.8152985074626865,0.7643097643097643,0.7643097643097643,0.8804713804713804,0.7861952861952861,0.6305970149253732,0.8148148148148147,0.7087542087542087,0.7912457912457913,0.7390572390572391,0.7033582089552238,0.5791245791245792,0.739057239057239,0.8501683501683501,0.638047138047138,0.914179104477612,0.8097643097643097,0.7424242424242424,0.8417508417508418,0.6986531986531986,0.6455223880597015,0.7538800944771095,0.08288620416425714,9
0.43783857345581056,0.047452937994040656,0.10644363403320313,0.01233823653091965,0.2,5,300,5,8,sqrt,16,balanced,True,"{'sampler__sampling_strategy': 0.2, 'sampler__k_neighbors': 5, 'rf__n_estimators': 300, 'rf__min_samples_split': 5, 'rf__min_samples_leaf': 8, 'rf__max_features': 'sqrt', 'rf__max_depth': 16, 'rf__class_weight': 'balanced', 'rf__bootstrap': True}",0.3157894736842105,0.09090909090909093,0.2857142857142857,0.3157894736842105,0.3157894736842105,0.4166666666666667,0.32,0.5,0.3157894736842105,0.11764705882352941,0.4210526315789474,0.10526315789473685,0.43478260869565216,0.3157894736842105,0.31999999999999995,0.14814814814814814,0.3333333333333333,0.5263157894736842,0.11764705882352941,0.380952380952381,0.4444444444444444,0.2222222222222222,0.3333333333333333,0.28571428571428575,0.0,0.29532375460597293,0.13212914430856568,5,0.4423689479245035,0.16837776029156587,0.29960581978125833,0.366605409840704,0.26785630248505665,0.2755694792536898,0.3735110519292779,0.41147110608061377,0.2897178065599118,0.18470415734697837,0.41861042087085726,0.20150922647893976,0.29824054824054824,0.3974261033084563,0.24620140326662066,0.17069340091905716,0.2915804002760524,0.4784872353499805,0.23867502339226862,0.38675157563025214,0.5574061578447543,0.25147987773085,0.42388958114764563,0.3104336874178144,0.16886362054682086,0.3168014441565791,0.10299339671062009,1,0.8265993265993266,0.5841750841750841,0.7811447811447811,0.7946127946127945,0.8152985074626866,0.7676767676767676,0.7794612794612794,0.8535353535353535,0.7626262626262627,0.6809701492537314,0.8367003367003367,0.6767676767676768,0.7878787878787878,0.7542087542087541,0.7742537313432837,0.5976430976430976,0.7491582491582491,0.8821548821548821,0.6986531986531987,0.8805970149253731,0.8265993265993266,0.7609427609427609,0.8585858585858587,0.7070707070707071,0.6473880597014926,0.7633881099552741,0.07959253489116652,1
0.4358681106567383,0.05312524785093244,0.15532249450683594,0.07806148102891841,0.3,3,300,15,8,sqrt,5,balanced,True,"{'sampler__sampling_strategy': 0.3, 'sampler__k_neighbors': 3, 'rf__n_estimators': 300, 'rf__min_samples_split': 15, 'rf__min_samples_leaf': 8, 'rf__max_features': 'sqrt', 'rf__max_depth': 5, 'rf__class_weight': 'balanced', 'rf__bootstrap': True}",0.25,0.39999999999999997,0.25,0.3157894736842105,0.2857142857142857,0.39999999999999997,0.3157894736842105,0.5,0.2222222222222222,0.125,0.39999999999999997,0.1111111111111111,0.380952380952381,0.4444444444444444,0.25,0.17391304347826086,0.28571428571428575,0.3636363636363637,0.13333333333333333,0.35294117647058826,0.4545454545454546,0.23529411764705882,0.380952380952381,0.125,0.11111111111111112,0.2906985863480681,0.11445020817543543,6,0.38147322902224856,0.2296297476908852,0.24652438206096228,0.3594988854402602,0.2337961101505993,0.2936421214929987,0.29766658836426274,0.48681997015330347,0.33506379129097186,0.16234779474911054,0.5180127762736458,0.21521026976361557,0.26607391907725614,0.35595294751745943,0.19743017399267399,0.15864504327073495,0.27466656634024167,0.3509440813362382,0.21502433157730425,0.3888349089635854,0.4466845878136201,0.2589197112536771,0.35248677248677246,0.23714169299635124,0.15173754437716208,0.29656911789823764,0.09735443915286639,14,0.8518518518518519,0.6616161616161617,0.7643097643097643,0.7878787878787878,0.7817164179104479,0.7676767676767676,0.7626262626262625,0.8737373737373737,0.7558922558922558,0.6492537313432836,0.8316498316498315,0.7087542087542087,0.7828282828282829,0.7474747474747474,0.6809701492537313,0.5824915824915824,0.7390572390572391,0.835016835016835,0.6750841750841751,0.8694029850746268,0.7845117845117845,0.7676767676767676,0.8383838383838383,0.7003367003367004,0.6119402985074627,0.7524855520377909,0.0766757605460371,12
0.9120900058746337,0.22322504046273262,0.29731234550476077,0.15317833295042263,0.3,5,400,5,5,0.3,8,balanced,True,"{'sampler__sampling_strategy': 0.3, 'sampler__k_neighbors': 5, 'rf__n_estimators': 400, 'rf__min_samples_split': 5, 'rf__min_samples_leaf': 5, 'rf__max_features': 0.3, 'rf__max_depth': 8, 'rf__class_weight': 'balanced', 'rf__bootstrap': True}",0.13333333333333333,0.11764705882352941,0.0,0.30769230769230765,0.26666666666666666,0.23529411764705882,0.3333333333333333,0.13333333333333333,0.25,0.125,0.13333333333333333,0.13333333333333333,0.23529411764705882,0.30769230769230765,0.0,0.13333333333333333,0.2222222222222222,0.23529411764705882,0.13333333333333333,0.14285714285714288,0.2857142857142857,0.13333333333333333,0.25,0.11764705882352941,0.0,0.1746275228039934,0.09369453447233995,23,0.3881390001461686,0.1756686553434521,0.23474118474118474,0.41744018863584087,0.32354277666777664,0.25029555764139455,0.2816622574955908,0.3357704024370691,0.3829101932550208,0.21311536882657572,0.2545082965550801,0.22053237743492343,0.24749538394699688,0.3734456175632646,0.17273669971501104,0.17833979057122307,0.20081121418998993,0.3575392678840955,0.20239130380928563,0.3593948449211607,0.37201018813922043,0.20882855951817664,0.3565854345459609,0.19238982489419965,0.18844595144998372,0.27554961361314584,0.07996418435469299,25,0.818181818181818,0.6228956228956228,0.7760942760942761,0.8451178451178452,0.8022388059701493,0.7508417508417509,0.7643097643097644,0.8400673400673401,0.7744107744107743,0.6940298507462687,0.7777777777777777,0.7306397306397306,0.7390572390572391,0.7542087542087541,0.6940298507462687,0.6498316498316499,0.6835016835016834,0.8434343434343434,0.6616161616161615,0.8731343283582089,0.8013468013468014,0.7121212121212122,0.8383838383838383,0.696969696969697,0.6828358208955223,0.75308306950098,0.06777971736878333,10
